date,IT,Semiconductor,Communication Service,Discretionary,Staples,Health Care,Financials,Industrials,Alternatives
2020-10-01,-0.0010576966769296557,0.0007007256403134939,0.0004032436822646602,0.00034705934236173297,0.0,0.0,0.0011502419682266581,0.01496636832421231,0.0004329938954605653
2020-10-02,-0.0011114163097036768,-0.001241406796849625,-0.0004029657993640434,-0.0005914549809604513,0.0,0.0,0.0008839360564011687,0.0007019533413765351,-0.00013323752202604644
2020-10-05,0.0014129757583608528,0.0009734548364890922,0.0020185304104900705,0.00047858519803354693,0.0,0.0,0.0019924823849264022,0.004694711524236651,0.003975204600071966
2020-10-06,-0.0011972895507859121,9.269675062212604e-05,-0.0015877008156415873,0.0017991732996851999,0.0,0.0,-0.0008133643001247521,-0.00046199509258330955,-0.0013827298596037112
2020-10-07,0.001819202787010588,0.0013515333125236543,0.0026788957691561365,0.0009917112364664657,0.0,0.0,0.002447061920381032,0.013713227204338735,0.0016904075008600194
2020-10-08,-0.00019518178455550325,0.0007369560335174473,0.00020777078749339013,0.0005949880065426496,0.0,0.0,0.0009318312003857836,0.003151229306134616,0.001983291253572458
2020-10-09,-0.0007340933672083511,0.0008902902655884262,0.0017243505057424973,-0.0012464113767214772,0.0,0.0,0.000643510677412579,-0.0033456096524162207,0.0009183987242729361
2020-10-12,0.0028147017078775185,0.0018370191866054525,0.0005562872866529316,0.0006137344270394884,0.0,0.0,0.0020256186239561848,-0.0032047122134648137,0.00019047306311798892
2020-10-13,-0.0011699774095759632,0.0010348264049013568,0.0013354016185581315,-0.00465283955475164,0.0,0.0,-0.0003849839957522461,0.007564249184244572,-6.316218973784856e-05
2020-10-14,-0.002102724126934412,-0.00029564632135774396,-0.0015965707699312965,-0.0013044403969733431,0.0,0.0,0.0006478857415233969,-0.004679782493049942,0.0007896068168457933
2020-10-15,-0.00023922670016681552,-0.00047080126796704273,0.00034426461990623203,-0.0002888297949197859,0.0,0.0,0.0002042240765842417,-0.002357323363143298,-0.000980268222295266
2020-10-16,-0.0011361948104009673,-3.74540751093014e-05,-0.0010249153071699246,0.0005153849297986453,0.0,0.0,0.0009604861867055841,0.007997269464808596,-0.0005534546009921045
2020-10-19,-0.002601643245976353,-0.0006864038542557811,-0.0011692120662142613,0.0008958171647549768,0.0,0.0,-0.00023267566204973166,0.006375401012637477,0.00024431294008019495
2020-10-20,-0.0024199641410352227,0.00032521673571719406,0.0007307694435205816,-0.0003508888047335064,0.0,0.0,0.0014731453554054142,-0.0024214011218210573,-0.00024359064417244064
2020-10-21,-0.0011383772511552787,-0.0014689399835719084,0.0004187161236105059,-0.00012793764849557747,0.0,0.0,-0.0007560157161709888,-0.0203193321869586,0.0010380657623644965
2020-10-22,-0.0006007694459084833,0.000935743767670062,-0.0012848109776488871,0.0022900509993215275,0.0,0.0,0.0017963549020677597,0.004404638167876637,0.00024982391555972714
2020-10-23,-0.00027587974718579786,0.0003048820602828049,0.0007671422046356577,0.0015578767848453208,0.0,0.0,0.000318655208161081,-0.007538603083539246,6.196248575513405e-05
2020-10-26,-0.004385329101768753,-0.0009798253805247967,-0.003789353132456862,-0.0028049450621611357,0.0,0.0,-0.0023779792715720575,-0.017336720703064096,-0.001058527850729894
2020-10-27,-0.0006864267954235212,0.0002498434345396498,-0.0006986876419026215,-0.0029326440300787644,0.0,0.0,-0.0018447743141300405,-0.010336243691387527,-0.0006435287372413494
2020-10-28,-0.0005830082387847918,-0.0018355138982663716,-0.004982069539211488,-0.0005487134266258974,0.0,0.0,-0.0021013267253628147,-0.012713960768950965,-0.003339050591505774
2020-10-29,-5.440785341401984e-05,-0.00034076532934318427,0.004077661752063873,0.0004929019540015131,0.0,0.0,8.321581762924641e-05,0.0037351931813929843,0.0016131455720110508
2020-10-30,-0.0028223759791547653,-0.0022967189087583694,-0.00026004158042515843,-0.0024767121759899312,0.0,0.0,-6.342082199185787e-05,-0.01051574230668447,-0.0013319134742385437
2020-11-02,0.0032764058349888507,0.0015867449393045412,0.0004980920240550869,0.001992365011692483,0.0,0.0,0.002626302726575272,0.007772172411983832,0.0010188278754741105
2020-11-03,0.0027279678027883644,0.00165858538973896,0.004033204692812747,-0.0005938659821019761,0.0,0.0,0.002991558263841667,0.0128141632344445,0.0018006483544172446
2020-11-04,0.00048614563670874096,0.0014646216926015453,-0.00033441648023363663,0.004734483467966987,0.0,0.0,0.001108528943612224,-0.0033379705702315226,-0.0009753807116459397
2020-11-05,0.004185265435100857,0.002509399935622789,0.0037963663334177203,0.005873563958527492,0.0,0.0,0.0015000303094257813,0.013815062956083651,0.0031759832314346348
2020-11-06,0.00031017062563531826,0.000966984184790988,2.982480968138554e-05,-0.0004921031023918797,0.0,0.0,7.157726783499612e-05,-0.030614465745787717,0.002755752685301087
2020-11-09,0.003545604546422281,0.0007796901625256522,0.009954864250859556,0.013851358444414421,0.0,0.0,0.006762971015319487,0.016480149494938874,0.00017826918592318827
2020-11-10,-0.0025158580210871643,-0.0007926971951258819,0.0008556653258344998,-0.001302324512524297,0.0,0.0,1.076123955136689e-05,0.011976568823815785,-0.0003955456083199484
2020-11-11,0.0021409758719239894,0.0024601664536930638,-0.00225843181761447,-0.0018499961917122353,0.0,0.0,0.00018686717069347944,0.0041805078197291925,0.0006166677733867246
2020-11-12,-0.003310372277858616,6.199592860026896e-05,-0.0005362439792865458,-0.0046138175487413615,0.0,0.0,-0.0007804729077979434,-0.004244806769222495,-0.0019511827758325123
2020-11-13,0.0008463811970222429,0.0006765324676780365,0.0025822911662095596,0.0021645004411759315,0.0,0.0,0.0018545087327585226,0.013604208751072636,0.0010755095044912854
2020-11-16,-0.007520083349231119,0.0017613928569171274,0.0038325297608761315,-0.00031893983721450347,0.0,0.0,0.00200324897515449,0.0002872988367054515,0.0021034103681396702
2020-11-17,0.00046800367967591054,-0.000548939675609498,0.0004785219122809338,0.00135931331460292,0.0,0.0,0.0007151555669711346,0.014358331308365535,0.0027607095894081482
2020-11-18,-0.0014336502252817317,-0.0009690404167106155,-0.000572433775036182,-0.0037440040877744305,0.0,0.0,-0.0007838670744819418,0.0033494845985149115,-0.0008663856493119179
2020-11-19,0.0014148955982397702,0.0004949770418153799,-0.00013474621881943418,-2.8500452903208753e-05,0.0,0.0,-0.00046645013030790437,0.008968787367881337,0.0019590905472932035
2020-11-20,0.00043820541754938536,0.00019601035079151377,-0.00119733548998563,0.00013578378417788484,0.0,0.0,-0.0010862467296879174,-0.006582278034814166,-0.0005184348154909579
2020-11-23,0.0023824019812672763,0.0032058323372023143,0.003618756556140918,-0.0002055455852773863,0.0,0.0,0.0031329405443031276,0.010301961033384151,0.0033353631895721974
2020-11-24,-0.004119789343494258,0.0014582247867865358,0.004074255973497272,0.0006011194679957915,0.0,0.0,0.005853309993758828,0.003172569243699586,0.0052279130684129566
2020-11-25,0.004840437751622451,-0.0016654856454234408,-0.0017578955891455828,-0.001748534784670401,0.0,0.0,-0.00014960641502649434,0.008829975641806834,0.001898148036306286
2020-11-27,0.004176517125987809,0.0015406221575310311,-0.00041333397669805,0.002985857134983562,0.0,0.0,0.0004441792338624259,3.0858200546922854e-06,0.002785365022589551
2020-11-30,0.0025202071644656694,-6.985393146538912e-05,-0.0008180563465020834,-0.0018444253213414138,0.0,0.0,-0.0007418374125921301,-0.004334161775267934,-0.0009069683408620676
2020-12-01,0.00031445213873716016,0.001867693102136835,0.0023417556212799494,0.0027277835579034714,0.0,0.0,0.0006800295687569134,0.005695876659643869,0.0057981384573175705
2020-12-02,0.0006946146002781736,0.000987781783428888,0.0017152133241613962,-0.005802634103212667,0.0,0.0,0.00043381390924165627,0.00022819558259976926,-0.0016324648878553874
2020-12-03,0.004155301162071786,0.00034787480853597274,0.001093758823240012,0.0063525865911909915,0.0,0.0,0.0005053765800267976,0.005454137319929672,5.12710798970659e-05
2020-12-04,0.0029256530874034225,0.002042462551130053,0.0011942425416000548,-0.0015323757634287832,0.0,0.0,0.002287766339697596,0.0046594649656472665,0.0035755263718587125
2020-12-07,-0.005304713680213433,0.0009751614262190901,-0.00014617860234212177,-0.002199681549054097,0.0,0.0,-0.0013014207199990714,0.01536716519878924,0.0009760736343513806
2020-12-08,0.009056302113016786,-0.0006798256445137436,3.27211706609198e-05,-0.000345898310528666,0.0,0.0,-0.001329819329805141,0.0005024815312438533,-0.00037861234889800805
2020-12-09,-0.005501431439270485,3.239997507657017e-05,0.0005104632257722611,-0.0006960984477622909,0.0,0.0,-0.00038284432139626526,-0.004392326310008585,-0.0004176553511378591
2020-12-10,0.0015950972922943107,0.0006009296679859816,-0.0002580266808084907,0.0006403876564246598,0.0,0.0,-0.00024864711378934997,0.004543685254727434,0.003842309831678471
2020-12-11,0.004256702340856313,0.0009611173392548247,0.008355577946288387,-0.004122086513180516,0.0,0.0,-0.0008866211719033262,0.0025414897012397512,-0.0005848877823662839
2020-12-14,0.00038590089556512635,0.0003948978487875402,-0.001764112371189669,0.00313084766697616,0.0,0.0,-0.0013276828117808257,-0.019242173473594734,-0.0016538632341946793
2020-12-15,-0.0016528981335805527,0.00017680539504238182,0.004469108499464159,0.0014822198597307008,0.0,0.0,0.0024815943198134276,-0.0025377311843633793,0.0008489099808374779
2020-12-16,0.0014357441552790592,-5.810222099481841e-05,-0.0006748620705114641,0.0034256629640181343,0.0,0.0,0.0009564123399940953,0.0021631130392353133,0.0010860256425507646
2020-12-17,0.004557618965831551,-0.0003607170676271763,0.0006958937633411164,0.00025708245093094325,0.0,0.0,0.00028145578468193505,-0.003563658690734631,0.0011568558117072117
2020-12-18,0.0008725944971371078,6.127221243053613e-05,0.00021207294647607796,-0.0017054167844422778,0.0,0.0,0.00029822921371901493,-0.005105225270242864,0.0005566971727448144
2020-12-21,-0.0009968486997859673,-0.0002014095004450728,0.0003152649919631542,-0.0030194223257807946,0.0,0.0,0.002240135587625127,0.002992771386710346,-0.0014786265875534632
2020-12-22,0.0023204772893075623,-0.00022397598347077342,0.0007860696193505958,-0.0022316409965540325,0.0,0.0,-0.0005218304715434075,0.000695028397181082,-0.0007994008445326408
2020-12-23,-0.0031386285469009747,0.0007897854973224127,0.003243036688660617,-0.001046212481328721,0.0,0.0,0.00015771396835243695,0.006221736316673649,0.00011995050220246245
2020-12-24,-0.0005540990299017678,0.002469813280136485,-0.00038412239742323243,-0.0017329382274921985,0.0,0.0,0.0005960382317145223,-0.002653489054414823,0.00023841478741451458
2020-12-28,0.0029075392851069144,4.2273500919910484e-05,0.0020180245552370115,-0.0006483368072108368,0.0,0.0,-0.00023675824631740657,-0.005750917294797123,-0.0006372690462880443
2020-12-29,-0.0005352079465152872,-0.00035312554818495666,-0.0018369360143475045,-0.0002517303801295264,0.0,0.0,0.00031749349018424353,-0.0012472991293351328,0.0004490309566570923
2020-12-30,0.0018021047761659725,0.0009250806293065422,0.003112727220641773,0.003952350176200217,0.0,0.0,0.0012059514549865409,0.001861260507247877,0.0004505287980133716
2020-12-31,-0.004506617548195443,0.00032110115470300655,0.00042214401355218444,0.001697555490716396,0.0,0.0,0.0016818399778282976,0.004207974407045421,-0.0007679461136497574
2021-01-04,-0.003337387947091576,-0.00010048364415709063,-0.002332374079604265,-0.0011527488977152607,0.0,0.0,0.0002148873166952087,-0.007406729412681693,0.002578586321995157
2021-01-05,0.0024205683425454552,0.0005181300845708375,0.0015940945074998827,0.0030296659679402635,0.0,0.0,-0.0006747724340059433,0.0059167001496821395,0.0011819833019334675
2021-01-06,-0.0033325402033097997,-0.000106251109889085,0.0028995974298362385,-0.0018605346041107925,0.0,0.0,0.0030483564522948607,0.002351198337825077,0.0018782984176465467
2021-01-07,0.002275603393871217,0.0008218690451703976,0.0010604781991390665,-0.0015818738982445015,0.0,0.0,0.0011201292234455117,0.0051167975766160095,0.0030621258064804867
2021-01-08,0.009097820994509852,0.0020543507090929054,0.0007985019778136322,0.002353025805150862,0.0,0.0,1.4860794350409997e-05,-0.002601505836984269,-3.822701172114626e-05
2021-01-11,-0.0035456678006278064,0.0012679525803404308,-2.0997187475743347e-05,-0.001566050643070995,0.0,0.0,-0.0001301537332592782,-0.0014631868470656572,-0.0011713908066060777
2021-01-12,-0.00010778436939622622,-0.0001797838208750958,-4.219392976348695e-06,-0.0003486980843980566,0.0,0.0,-0.0007037180029039769,0.005304322332242749,0.00038038383925769327
2021-01-13,-0.0016980663233937918,-0.000729304846076658,-0.0011067997635548345,0.0005302498809936684,0.0,0.0,-0.00016202512250623722,0.0010352495574294496,-0.0021210003266514802
2021-01-14,-0.0019126337485149227,0.00013379540447620958,0.00345157748095526,-0.001086903214874088,0.0,0.0,0.00031140936859412876,0.02391796781439046,0.0030598157767089355
2021-01-15,-0.0033744630219506794,-0.0009204644143988867,-0.0012100414525424358,0.0017955560204780709,0.0,0.0,-0.002035615035270752,-0.004908490224544383,-0.004118062718783551
2021-01-19,0.002771741799858958,0.0005573682206896698,0.002502095675261906,-4.7584543489006766e-05,0.0,0.005162806495487178,0.00032515650926306206,0.013604897539882371,0.00043618408546287115
2021-01-20,0.003501666673738733,-2.4842808404588e-05,9.281148261633567e-05,0.0009184405401744256,0.0,0.0025136282167184743,0.001090524225625618,0.0012432737221863923,-0.00014501840258443035
2021-01-21,-0.0017321586945449694,0.0006185870246064231,-0.0005480079113504672,0.0002280153814439228,0.0,-0.00025676107273235886,-0.0010193752647388269,-0.00395102279485955,-0.0009197385923101968
2021-01-22,-0.0011004727797097426,-0.00044211987700194994,0.0013784805676111981,0.0008707267549246945,0.0,-0.00063711419181582,-0.0012259563097463686,0.00037646900219712393,-0.0009556720242072227
2021-01-25,0.0032981273773897085,0.0005825293869348109,-0.0003443204087046875,-0.00041009471552293654,0.0,0.0011142065448326711,-0.001383090458899633,0.0026056221275982897,-0.0015281590515515938
2021-01-26,0.01516400930845496,-0.0006636790931687764,-0.0012100391567886424,-0.0011021322762907015,0.0,-0.0016088899123777294,-0.0004932575156977811,0.010190903286961185,0.0004720668764631639
2021-01-27,0.0014609642232889406,-0.001886287501361356,-0.0025557365750047867,-0.0017195587459171231,0.0,-0.004713206277726466,-0.003169193824924386,-0.000802208397298141,-0.0018969836291828556
2021-01-28,-0.0035457585257585795,0.0006130621029150221,0.004749394654266938,0.001356968021161093,0.0,0.003384757040825125,0.002037371257646013,-0.004691889528236142,0.0007858151656235861
2021-01-29,-0.006876866920465782,-0.0015343213867659807,-0.0020456070167030297,-0.0019564113299923185,0.0,-0.0004971707640532972,-0.002445991557031757,-0.0008823778497215537,-0.002182232339711888
2021-02-01,-0.0034945091299219315,0.0014152921448324848,0.0017661045897096324,-0.0006885824754481231,0.0,0.0033476641707460395,0.0013831118133111895,0.01751221234225289,0.000823522355041572
2021-02-02,-0.00017647845557774598,0.00042715562018653074,0.0022668336450509257,0.0010843906657770081,0.0,0.0009941897184874678,0.004043429659709377,-0.005751393543124778,-0.0016256120582308642
2021-02-03,0.005182669211200465,-0.00010947751208536315,0.0017998647916495482,0.00040376803350546304,0.0,-0.0004680437738234026,-0.0011590675613827367,0.01790229675875209,0.002388449237810162
2021-02-04,0.00307410542115606,3.14183504596678e-05,0.002825329255859524,0.0021764057796604917,0.0,-0.0002992362002806918,0.001986776897178912,0.0006089110347195534,-0.001153440869128548
2021-02-05,-0.00014021250007829257,0.0,0.0014616302826103377,0.0015001839985251107,0.0,-8.061462461738007e-05,0.0008359674130616853,0.0009008096983251507,0.0010059653128121047
2021-02-08,0.0005897578370184222,-9.151843945310996e-05,0.003453259058709359,8.69297295505491e-05,0.0,0.0009937022067545841,0.0011027974048335588,0.004878197640443492,0.0011811964524511937
2021-02-09,0.0023644089805071747,0.0,-0.007428658987124222,-0.0005678613999004516,0.0,0.000629296278991238,0.0006608361819154396,0.002366082410038752,-6.973425348613052e-05
2021-02-10,-0.0023672023761287663,0.0,0.0007111793214847375,8.80539843604819e-05,0.0,0.0013749424250267665,-0.0008466398347491521,-0.008888040769286723,-7.111948239467636e-05
2021-02-11,0.0033557815524904375,0.0,-0.0007696728393193409,-0.00028563643925016204,0.0,0.0007217875133379097,-0.0002155074554673673,0.008242343292019842,-0.0008740057205830963
2021-02-12,0.002277285357865233,0.0,-0.00021334061033569237,-0.00030307121659624216,0.0,-0.0007162088163278789,0.0007551487449290146,-0.0063916674017004205,0.0013866971740996569
2021-02-16,-0.001666326207160547,0.0,0.0008662885124672016,0.00021742063777624486,0.0,-0.00104803740242242,0.0015083579424488291,-0.004341622734355491,0.0017954185769021142
2021-02-17,-0.006135206552477015,0.0,-0.0006491518723815577,-0.000491336786074937,0.0,-0.002027173703327818,-0.00045555249050439287,-0.0032506313089095407,0.00046856089931424924
2021-02-18,0.0027234913185723107,0.0,-0.0026592394753459686,0.0007875507283813981,0.0,8.238410136530245e-05,-0.0008023785844625849,-0.0058127571613779926,-0.0015817033472458697
2021-02-19,-0.008439366496814574,0.0,0.00034354706601452353,-0.0018936664971067026,0.0,0.0007169680652086118,0.0012430863569862362,0.009099914322349772,0.0006373088862038271
2021-02-22,-0.004667288390232827,0.0,0.0008797791823194363,-0.0019202724009944536,0.0,-0.0006693534014616214,0.0005981146905273575,-0.00828580395931677,0.0009940983714081324
2021-02-23,-0.001088824436860186,0.0,-0.0009186899399720831,-0.0021355068044669723,0.0,-0.0004747376849648692,-7.939263728839015e-05,-0.0046307219007666175,0.0007129155968300186
2021-02-24,0.0013801336932075532,0.0,0.0002229192321184726,0.001004776323185459,0.0,-0.0015079904705168762,0.0023619603059009896,0.008305396650574235,0.0021374084857706172
2021-02-25,-0.009179261913604783,0.0,-0.004710879977418685,-0.0033609863429539715,0.0,-0.0032154918351013726,-0.0013757524040260921,-0.00987279817111458,-0.00046559229229849327
2021-02-26,-0.0020228408737613564,0.0,-0.0012978950181984496,0.008114760345726484,0.0,-0.000350781352382232,-0.00170379641454994,-0.005589135373219054,-0.0018975624565429781
2021-03-01,0.008630118707751608,0.0,0.006011882721779019,0.0036571474835770798,0.0,0.0014903825380261615,0.003193916135243194,0.008960761763862776,-2.685436236326386e-05
2021-03-02,-0.001107537836787543,0.0,-0.002498890504323921,-0.00095095424897548,0.0,-0.0022770582585792828,0.0011107995541223725,-0.007561927637636123,0.0005480581130333886
2021-03-03,-0.007729699223427553,0.0,-0.0013859964387434695,-0.006182772612813555,0.0,-0.001399131601255219,0.0005287754867342483,-0.003634128239545037,0.0007619697248899675
2021-03-04,-0.0037498642731716024,0.0,-0.0033966384571028994,-0.003949074930620296,0.0,-0.002604815207874041,-0.0007934938216920328,-0.006234144740276961,0.0007365794102977112
2021-03-05,0.0009504921360384763,0.0,0.0013653805809180045,0.0010780179981212082,0.0,0.0020812243004777508,0.0020642198143919306,-0.004898691736421496,0.0018227698629308881
2021-03-08,-0.005310278926703625,0.0,0.005731782432745338,-0.000910721421792918,0.0,-0.0019517863987864924,0.0013626932480394942,-0.0015336698401511551,-0.0006229451896190442
2021-03-09,0.010222619831003928,0.0,-0.0014738430080790824,0.005151584844644439,0.0,0.002872273326220448,-0.00010282704695912997,0.00728693666682536,-0.0002879115474848905
2021-03-10,-0.00042355636901766447,0.0,0.0009207798520975011,0.0010999072154297105,0.0,-0.0004151896200399361,0.0025279511602878256,0.005454351417682015,0.0014330648883328686
2021-03-11,0.0018321815659735762,0.0,0.0015770709087211394,0.0025213284117523737,0.0,0.0029387869827850925,0.0006924544068644962,0.0061691309885195215,-0.0005698661073047089
2021-03-12,-0.0010998637133870096,0.0,4.895960667746131e-06,0.0011422908075090885,0.0,0.0001354397643130232,0.0006152065597650987,0.006876595566502866,0.0005091350894612816
2021-03-15,0.0010925510626084447,0.0,0.000291345344667323,0.0021009453656457002,0.0,0.0006280186914596956,0.00036094703157881646,-0.0008287222331525763,-0.0007898774220904685
2021-03-16,-0.0018431766226746679,0.0,-0.0026727668592365725,0.0013702709438272046,0.0,-0.001134634507816288,-0.00102488427647859,-0.006320390813274185,-0.0010071290414721049
2021-03-17,0.0005933793409606375,0.0,0.0007682815480120163,-0.0006522165514143871,0.0,-0.0007552078594879869,0.00030240839591453704,0.004348146925311772,0.0003661580607321336
2021-03-18,-0.006452550279085639,0.0,-0.003136001243068269,-0.0032531091157668554,0.0,-0.0009482817080772757,-0.00121340923606065,-0.004765811468934384,-0.002081989436982438
2021-03-19,0.0020120976806900425,0.0,-0.0003109593396337945,0.0009046097953711292,0.0,0.001130766367442886,-0.0030896509236286638,0.0014899547992609167,0.00026605864474918927
2021-03-22,0.0015643481793547848,0.0,0.0011960715316486987,0.0017169697365214658,0.0,0.0009439158821987039,-0.00024883839481989393,-0.002717288439766671,-0.0008493589375051867
2021-03-23,-0.001871557362461153,0.0,-0.003252870446372743,-0.0009374346493596098,0.0,0.00021366158795794592,-0.002212743659741246,-0.005041613607188049,-0.0024909905319627323
2021-03-24,-0.007431525205646711,0.0,-0.0028736782620545362,-0.0040581483037761615,0.0,-0.0009236835363054144,0.0010835200954619627,-0.0035433066585684255,0.0012248466827825687
2021-03-25,0.0009648663720244225,0.0,0.002466898032116506,0.0022838442496661265,0.0,3.42131108689533e-05,0.0005850686030301587,0.0037875935481019155,-0.0008211616479221203
2021-03-26,0.004486991134750042,0.0,-0.0006855135339390113,0.004294987951426303,0.0,0.0008084691517547618,0.002216553748951528,-0.0007680461439255065,0.0014552398470712644
2021-03-29,-0.0023641325268927765,0.0,-0.0007300972619251837,-0.0018989244650691006,0.0,3.1452793981987616e-05,-0.0011042600224854052,0.0013674901560690141,-0.00020859903725172166
2021-03-30,-0.001973164630244669,0.0,0.0019282466765031523,0.0018101246753386383,0.0,-0.0005956111146249031,-0.0009982327407928823,0.001733592478859882,-0.000778621233182382
2021-03-31,0.0019127821870881887,0.0,0.0007013029432268003,-0.0002941476863298469,0.0,0.0006564342572998367,-0.001036988571373819,0.0015521673276175656,-0.001286265035998927
2021-04-01,0.004392544489569943,0.0,0.0013431334521322403,0.0015885468413003806,0.0,0.0007014119924735624,0.0025917526242651865,-0.0004244938433056606,0.0009401899374703591
2021-04-05,0.0038407272252174137,0.0,0.00035914260509867235,0.0007953660161055273,0.0,0.00010003288674284752,0.0009282026931595971,0.0005903693832031108,-0.00022138758032396122
2021-04-06,-8.963011640736188e-05,0.0,0.0005931432551928308,0.0029070616663928227,0.0,-0.0007495760605519101,0.0005980272542538692,8.147830735980694e-05,0.0002933084796937762
2021-04-07,-0.00016885657431689352,0.0,-0.0017388925033909885,-0.0005033183897841002,0.0,-0.0004481166427340067,-0.0001980752175783349,-0.002750404269787345,0.0007014072332943759
2021-04-08,0.0047179629985553365,0.0,0.001489975810544178,0.0020529892273179013,0.0,0.0014785466099203792,0.002026877435228768,0.0007213214478989097,-0.001498130453987233
2021-04-09,5.004628046319606e-05,0.0,0.0010104916324323557,0.0014011382152525698,0.0,0.001628735058210492,0.0009055769583786798,-0.0007328503563282372,-0.00026150249907013704
2021-04-12,-0.0019180780093894063,0.0,-0.0026769462534575747,0.0006865175662463865,0.0,-0.00039068912168405297,-0.0005723692628921816,-0.004141631343047651,-0.000332809070081062
2021-04-13,0.005472562975269154,0.0,0.00025155627892847196,0.0021520235603969488,0.0,-0.00026616094718481353,-0.0004885066513921782,0.0013600258354166978,-0.00011685468096856416
2021-04-14,-0.001295622892945425,0.0,0.0007580682306092135,-0.0011813565870133604,0.0,0.0005826334632353486,0.0011684841218169435,-0.0005279122858261378,0.0016368445254658932
2021-04-15,0.005530304296424253,0.0,-0.00041638924534726575,0.0018391463815086615,0.0,0.0025561593562565964,0.0012523561202880975,-0.005080163805261376,-0.00011575325057154024
2021-04-16,1.1199123596832353e-05,0.0,6.235416847264613e-05,0.0023085892776504684,0.0,-0.0002557983996062659,-0.001203861570764921,-0.0005531682777756294,-0.00030216227120012467
2021-04-19,-0.0007096626823027781,0.0,-0.0017885294834630832,-0.0018748338279047244,0.0,-0.0008263405173569084,0.0008471140679964128,-0.0020075001815940403,6.393456370691852e-05
2021-04-20,-0.0016937019118602654,0.0,-0.004281705106581434,-0.0025526206908704782,0.0,0.0020153951749421967,-0.0021183299998129806,-0.00443611470680589,-0.0017210453360894868
2021-04-21,0.003777822092626012,0.0,0.001601581705977352,0.0011820036809451872,0.0,0.0004310049092648571,0.0024880751248907633,0.001652189014638037,0.0006203824100475585
2021-04-22,0.011427747774603992,0.0,-0.0002904579417953218,-0.0013022034192241986,0.0,-0.0006987023263953195,-0.0007519518615830399,-0.000948815159877916,-0.0014845384651290903
2021-04-23,0.0013586634316919146,0.0,0.0002213677020371511,0.0023965072284371845,0.0,0.0011164436649654644,0.0029531215727625513,0.0016522099220179919,0.00043310393715499695
2021-04-26,0.0011989360028151607,0.0,0.0013021603082944361,-0.003415786108587134,0.0,0.0004446354807124192,0.00011750903589463011,0.001781732528638128,0.0004446372980310733
2021-04-27,0.00020763092190587888,0.0,-0.00010144587719846963,0.0006435267068263192,0.0,0.0003011572257397119,0.00045807518560464164,0.0005880446476015655,0.00017435396056091824
2021-04-28,-1.2644532164358786e-05,0.0,-0.0005218735048706071,-0.00249392403157776,0.0,2.2139996680922838e-05,0.00016289246168382993,-0.002240892524823843,0.0008065293123332143
2021-04-29,-0.004826631208878552,0.0,0.0008767056828161272,0.002260047210465305,0.0,0.0005288806520604092,0.002838163795201905,-0.000593998029661168,-0.0008258739112076856
2021-04-30,-0.004661839472403765,0.0,0.00013020246658602004,-0.001965720473159231,0.0,-0.0006383064474557583,-0.0019037979826306496,-0.0008272572045976132,-0.000936814500117618
2021-05-03,-0.0013900710528313817,0.0,-0.0006549125946292201,0.0007496116780215871,0.0,0.00227612433450929,0.00019422447921555304,-0.0013306780797668512,0.00162121112755929
2021-05-04,-0.00489979886736955,0.0,-0.0008783391480039718,-0.00125179921129352,0.0,-0.0007092453571693482,0.0001939378121502573,2.885129903822288e-05,-0.0009777170675406585
2021-05-05,-0.0018611303582770319,0.0,-0.0014997251029110945,-0.0012338458670190897,0.0,-0.00048796493285435335,0.0007944468264609596,-0.0021461053845391073,0.0019741618897689997
2021-05-06,0.0006926905631967934,0.0,0.0012012934593716605,-0.0024316591628443097,0.0,0.00013562756216742978,0.0023638358347312792,0.0005263751531937096,0.0007911715582141159
2021-05-07,0.0026715521667010148,0.0,0.001239211959740706,0.001207025146385654,0.0,0.0010444764591953431,0.0016174051748901017,0.001821802613113472,0.0013035880421472423
2021-05-10,-0.007988681368165974,0.0,-0.0015076246411927883,0.000523775639916601,0.0,-0.0014789685148557962,-0.0020982580980135426,-0.0008087409150693659,-0.0010825634231719189
2021-05-11,-0.0013407255713017265,0.0,-0.0008464370160451208,-0.0018576311326421184,0.0,-0.0015071045103456605,-0.002117702054604158,-0.0013084145062676996,-0.0012922639033509666
2021-05-12,-0.008163737237647458,0.0,-0.0031760487712543944,-0.007011475907525666,0.0,-0.0015194823618905331,-0.003275606572815675,-0.0026439934210365813,0.0004896267971698216
2021-05-13,-0.0019490695630901094,0.0,0.001309422005325716,0.0015354781152804788,0.0,-0.0037884597454265075,0.003034116662191463,0.0006228987572266102,-0.0009544408199372679
2021-05-14,0.013788447711881034,0.0,-0.001728371496645288,0.001386713686965033,0.0,0.00021352982214335972,0.00349190931896162,0.001952790332209493,0.002160463572210804
2021-05-17,-0.000613334794990031,0.0,-0.0021253109492136188,-0.0004345696561273758,0.0,1.6402537569649232e-05,-0.00018859164764007286,-0.000160712338359788,0.0009347444579452336
2021-05-18,0.0010325141358387285,0.0,-0.0003123889247280933,-0.00012166911396934566,0.0,0.0012018613209390408,-0.0020304979057928305,-0.00014139286699064275,-0.0008220655545687433
2021-05-19,0.002469151465202912,0.0,0.00015967590396148685,-0.0018321043439266812,0.0,-0.00028806867563757686,-0.000903707582597862,-0.001030457674291246,-0.0017283994951099975
2021-05-20,0.004486585156115577,0.0,0.0012582922256728528,0.0028220804821303637,0.0,-0.00021796956032343258,0.0011625169201748367,0.0010667409847543265,0.000660517827759602
2021-05-21,-0.0008181029012040777,0.0,0.00014206288245904034,-0.001205124105681006,0.0,2.1227300152836395e-05,0.001889323774767976,0.0023416570655912686,0.00024494524066379265
2021-05-24,0.002324994450521632,0.0,0.001205199491517035,0.0007556634241719321,0.0,-0.0002239576396075606,0.0019818114639762983,0.0008442800305437612,0.000499475641235118
2021-05-25,-0.0018809100364025858,0.0,0.0009084618380634769,0.0006925467676694013,0.0,0.0012203424159716522,-0.0005294088216013361,0.001055610820638371,-0.0019992610690088455
2021-05-26,0.002635640131381982,0.0,0.0006641110770354528,0.0004560729721443729,0.0,0.0005600950768458999,-0.00021283380948689917,0.00020162958823543957,0.0002080356630862965
2021-05-27,-0.0023959780725942644,0.0,0.0010370847730551394,0.0005193454736511136,0.0,-9.080566572903087e-05,0.001127898946706784,0.002972673021726718,-0.0007009495126040882
2021-05-28,0.0015801263808190996,0.0,0.00016896657708649843,-3.1320499883326293e-06,0.0,0.001362678677826915,0.0008197914057333738,-0.0011514676216293409,-0.0004537056101636274
2021-06-01,-0.0008023614093705139,0.0,0.00017984387227098424,-0.0010098742913532328,0.0,-0.0011789573416730904,0.00017830644446171422,0.002370204724109903,0.0014602456496524668
2021-06-02,-0.00024410361259314683,0.0,-0.0010931069219246607,0.0010593339182408974,0.0,0.0004221973925575607,0.0019467111419492896,0.00027327629123943885,0.0011053898776230632
2021-06-03,-0.0053655450369443775,0.0,-0.001129099960722129,-0.0031517022095844238,0.0,-0.0008720748737009311,-5.202249859606427e-05,-0.0016217460655499158,-0.0001529987660087751
2021-06-04,0.0030501374874338763,0.0,0.0006227210543892014,0.00036712795883370923,0.0,-0.0009278928166663467,0.001123080304717469,-0.0001239289390329,-0.00027883420356697
2021-06-07,0.00363723220028387,0.0,0.0005987524160961063,-3.240391130361652e-05,0.0,-0.0015385347182537996,-0.001711364016138528,0.0008456546087097184,-0.0003703556435991393
2021-06-08,0.005388732296384094,0.0,3.3901313557219116e-05,0.0005824792585868436,0.0,-6.318052230619602e-05,-8.475093257431732e-05,3.081638337362587e-05,4.622692637916866e-05
2021-06-09,-0.0024923516312198492,0.0,-0.00019455279248682388,-0.0010906893725161379,0.0,-0.0003507965686668359,-9.038560013788848e-05,-0.0014399566659617962,-4.595422368881247e-05
2021-06-10,0.0027100193771586196,0.0,0.0009074549705576599,0.0007580026543722059,0.0,0.00023571942739910787,-0.0005746662361735021,8.627651464848752e-05,0.0005238242148573473
2021-06-11,0.0022639117796661255,0.0,0.00016514356769525195,0.00046176076218911783,0.0,-0.0006846227431900264,0.0010902736650899823,-0.00033990676900400225,0.000689435618120375
2021-06-14,0.0024855670580435827,0.0,0.0009359171986615365,0.00038050867768675323,0.0,0.0002807758619463582,-0.0008392612519893264,-0.0006566812344740531,0.0012581274893587147
2021-06-15,-0.0027939584239056155,0.0,-0.001293043888151299,-0.0015146680578350244,0.0,-0.0002995724557701866,0.0004936761711857428,0.0004279573193967416,0.0019258137677665267
2021-06-16,-0.00030509156564182457,0.0,-0.0008968670441693452,-0.0007680883336392973,0.0,-0.0012019556856407447,-0.0010839069260278164,-0.0013092704004979976,-0.0010271791896644944
2021-06-17,0.00398012149524365,0.0,0.0017469902892544467,0.00042594479733031477,0.0,0.0008241140160444862,-0.001097269582381791,-0.000941402548824033,-0.0005864485510487665
2021-06-18,-0.0029471884901494756,0.0,-0.0025568887869479185,-0.0013491316794378321,0.0,-0.0016549141411637386,-0.004070440665629795,-0.0005746846513110327,-0.0031500165051497986
2021-06-21,0.001385553017510843,0.0,0.001569870862283568,0.001922901080371344,0.0,0.002344654603231433,0.0038473585963243093,0.002477425947242596,0.0018276081331221918
2021-06-22,0.000901505478621041,0.0,-6.307466747433908e-05,0.0025691358602128503,0.0,0.0001846077952164489,0.000761504000918309,-0.0004615221288919463,0.0011691926795850452
2021-06-23,-0.0010148247526267904,0.0,0.0009321718978051448,-0.00015612445958703883,0.0,-0.0006612450267888273,-0.0003596978343402423,-6.42850996054072e-05,0.0003520510745630172
2021-06-24,0.002131214074289183,0.0,0.0016240748592241375,0.0006726121797559854,0.0,4.596260183350319e-05,0.0020714673676535435,0.002145008699524125,0.0012410370069834958
2021-06-25,0.000662964248199399,0.0,0.0006538690691050956,0.0015656324159803374,0.0,-8.039939239342238e-05,0.0019752384015369177,-0.0006644828120797435,0.00022756466807467003
2021-06-28,0.0016948162166734882,0.0,-0.0005800420406174397,0.0015497966310545556,0.0,0.0008187014054753067,-0.0007567761973596704,-0.002543725378041299,-0.0022355779179151695
2021-06-29,0.0023143419666748727,0.0,-0.0012442142511815278,0.001245717237113094,0.0,-0.001044407774911,0.0029319092432887107,-0.0012714556546642509,-0.0005903160572414294
2021-06-30,-0.0021564129698648333,0.0,-0.0007897738952434423,0.0002506801577077707,0.0,-6.795161249547864e-05,-0.00019782007067988122,0.0011476748539190817,0.0005436359422196902
2021-07-01,-0.003285619133014341,0.0,0.0010236307205141579,0.0006531949713356567,0.0,0.0006002728594482026,0.0010856216842669965,5.140804102650482e-05,0.001270089156498122
2021-07-02,0.0017625620070349521,0.0,-0.0011340615231863634,0.0012154399351015424,0.0,0.0014405158516846966,0.0010925150210346866,-0.0010561519245310834,3.462868987365353e-05
2021-07-06,0.0008369186687854016,0.0,-0.0015806518933549432,0.0001035360179916746,0.0,-0.0003364917293399314,-0.0010923054505982052,-0.00018636298924033795,-0.00042277130548901295
2021-07-07,0.0036663738018363748,0.0,-0.0007889856887131441,0.0011004278248053494,0.0,-0.000882420375644971,0.0015364473433613062,-0.0015087681741638786,-0.00016437476862191867
2021-07-08,-0.001769987537878028,0.0,-0.0005710229921404023,-0.0013059266387459908,0.0,-0.0008297888647879575,-0.00285164684472603,0.0017216859613527634,0.00010351042919546811
2021-07-09,0.005715769361690611,0.0,0.00320395128771487,0.0017381493670150865,0.0,0.0005221342646427927,0.002791103078002186,0.0009783570989329452,0.00047703650001573646
2021-07-12,-0.001370075788731382,0.0,0.0039496559338621715,0.000650870896616309,0.0,0.00012471236027984992,0.001542619143657554,-0.00044416608317880934,-0.0002477082084420463
2021-07-13,0.000855689361174013,0.0,-0.0011380877983272724,-0.0008573883009059846,0.0,-0.0006634577050178634,0.00035724718037208304,-0.0034329640620011054,-0.00016161018187690134
2021-07-14,-0.0024125196132337785,0.0,-0.0012036906597022918,-0.0003795710743415802,0.0,-0.002376612214125038,9.574784642368794e-05,-0.0012823428194596869,-0.00039325427645412625
2021-07-15,-0.00031712199107054054,0.0,-0.00011375268771609534,-0.0002102693626406452,0.0,0.00037227545685715956,-0.0004498352133035222,-0.0005825425183822805,-0.0006980138106695141
2021-07-16,0.0013539291286184998,0.0,-0.002576607151627312,-4.316976495278191e-05,0.0,-0.0007425845174955652,-4.835435293047246e-05,-0.0017338527052422335,-0.0007512217643793671
2021-07-19,-0.0018198362424404705,0.0,-0.0027896018416646738,-0.00239580241204399,0.0,-0.0008917038296457319,-0.004278086614221591,-0.003729880314133599,-0.0010669221644988033
2021-07-20,0.0042231189793698574,0.0,0.0050031512387443775,0.0037978051034416238,0.0,0.0009194510190375214,0.0034148496001385536,0.003586028050935562,7.941521657228801e-05
2021-07-21,-0.0035791235040168326,0.0,0.000614177217054105,0.00200954664096626,0.0,0.0011439560181319007,0.0027422584921234492,0.0009679602287708203,0.0010864886973301312
2021-07-22,0.005136259495958459,0.0,-0.0012202679633798522,0.0040183968738288734,0.0,-0.00018052737214537543,0.00017878523516328104,-0.0002898794101190374,-0.00012150925385786173
2021-07-23,-0.0003583495724774465,0.0,0.00025497759504333436,0.005149596167394957,0.0,-7.235637519452116e-05,0.000708093576363997,0.00011198674703003917,-0.00019812721362832234
2021-07-26,0.0020284946417417097,0.0,0.001507674050906613,-0.0006887345332936079,0.0,-0.0014751180665352002,0.0011890040099014497,0.0007418426122284515,0.0011050545545829482
2021-07-27,-0.003383598200057838,0.0,-0.0006836920536680696,-0.001765644242995073,0.0,-0.0001377356183194146,0.0006803699274633512,-0.0005940807378255928,0.00014935008298048197
2021-07-28,0.003276270992780897,0.0,0.0007343685016168672,-0.0027338438588225484,0.0,0.0011499511394957747,-0.0017925249313522854,0.0015521839032663553,0.00020862680025854458
2021-07-29,0.0001481885369034459,0.0,0.00030802966862937737,-0.00036631169745909804,0.0,-0.00014319524821943772,0.0005045053999503278,9.989753154249606e-06,0.0011821673681172865
2021-07-30,0.0014594959325464766,0.0,-0.0007629946239593348,-0.0032348217966925515,0.0,4.155895622276675e-05,-0.0008710383349996761,-0.0008560833631349225,-0.0003075236571569
2021-08-02,-0.0008449444962767323,0.0,-0.000477581810689926,-0.00014861503781501062,0.0,0.0014010170158466186,-0.0004391744319479466,-0.0001903641273222511,8.3494994006115e-05
2021-08-03,0.006155553043130912,0.0,-0.0016007102603222672,1.5034859409584545e-05,0.0,0.0021270371032214843,0.00031078076780226326,0.0006265842035775369,0.0006767089002016249
2021-08-04,-0.0013306643885251566,0.0,0.0008401560776751365,0.000929645075682068,0.0,0.0009014762540087224,-9.445193463217738e-05,-0.00040764983663140516,-0.0005965606594434352
2021-08-05,0.004002628301968447,0.0,0.002889320509092321,-0.002152080209910783,0.0,0.0007123921192934003,0.002306151248979138,0.0005483732764346449,0.0004887319568130134
2021-08-06,-0.0019362392655256817,0.0,-0.0006716936147674605,-0.0011857166015334724,0.0,-0.0011791580075977692,0.001629134936933872,0.00022827590584463065,0.00017243795785645084
2021-08-09,-0.00029483478001501797,0.0,-0.00010376816012231763,-0.0003113032237135043,0.0,-0.000588018317373022,8.070982563749678e-05,0.00015482976048865744,-0.00015647848983871296
2021-08-10,-0.0010917213334460352,0.0,0.00010719501825174386,5.44191052539374e-05,0.0,-0.002889277410332229,-5.6069846632221206e-05,0.0005788440396128719,0.00042053014067671015
2021-08-11,0.00025304775735304085,0.0,0.00034896597081380263,0.001913546655304642,0.0,-0.00283310965676443,0.000906324657735809,0.0006135934146135194,0.00030596832503017193
2021-08-12,0.005111066765857055,0.0,0.0003715623787451263,-0.0012302925941804859,0.0,0.0006027588056044444,-0.00024440601336083253,-0.00021633509083199585,-0.0007183567040551766
2021-08-13,0.002068207975835412,0.0,-0.0004985366143675979,0.0001958006334523812,0.0,-0.0002500920986281776,-0.0003257757800316782,-0.0006120673145904907,-0.000691046475596822
2021-08-16,-0.001183141492378744,0.0,-0.0013114955508584645,0.0009823797154105982,0.0,0.0006647913645082295,0.0012473160107310953,-0.0008885905343547736,-0.00047720672517779687
2021-08-17,-0.0031756623963496125,0.0,-0.002516804975236696,-0.00251516001041406,0.0,0.0013407638279358224,-0.0015911245836285235,-0.0011266337680425273,0.00013176997623344313
2021-08-18,-0.0003791220910493104,0.0,-0.00036915050221502754,-0.0011889356261408856,0.0,-0.00145498770200682,-0.002908311569566301,-0.0005354362609014961,-0.0003990823954925854
2021-08-19,0.000544359240003655,0.0,-0.0011590755773353027,-0.000664960636017418,0.0,-0.0004220908291967673,-0.0007202347317332448,-0.0011456742863154745,-0.0007788581917823191
2021-08-20,0.0009925408012405983,0.0,0.0019110604336436362,0.0025032240087099356,0.0,0.0015308700113840137,0.0013676906992413807,8.57951198944935e-05,2.5236312493275607e-05
2021-08-23,0.0030912427212677215,0.0,0.0023138459607152688,-0.0002652461786567545,0.0,0.0015164213330799551,0.001820039699761687,0.001122721315724548,0.0009425503778042175
2021-08-24,6.76784370709633e-05,0.0,-0.0003995005178946373,0.00026908523392388814,0.0,-2.6409515357262667e-05,-4.292325552021235e-05,0.0003351187833273213,0.00031365904479501875
2021-08-25,-0.0012704770800971068,0.0,-0.00032670034653435934,0.0003811462081742584,0.0,2.144991467047764e-05,0.0002606946054133112,-6.59981881125732e-05,0.0
2021-08-26,0.002893653109101797,0.0,-0.0015360151121039983,0.00027417140408245774,0.0,-0.0013493809114747699,-0.0006738633610809113,-0.000748188786664147,-0.00020645391508810647
2021-08-27,-0.0012490581374893903,0.0,0.0042654479665823995,0.0006065482106139279,0.0,0.001072491985560732,0.002225096112577788,0.0008583213862715388,0.0007111797040667482
2021-08-30,0.004260776584088388,0.0,0.005990997061407539,0.0020787300816227272,0.0,0.00020047054023257917,-0.0016176495744502561,-0.0006307118919912573,-0.0002621544395154895
2021-08-31,-0.0014015870754207045,0.0,-0.0014000605465273675,0.0010733239562796659,0.0,-0.0002977252609955872,-3.969499302727882e-05,0.0002809279101570057,-0.00010687449520220263
2021-09-01,0.0007816589773074939,0.0,0.002494901726763534,-0.00033958538762443786,0.0,0.0006715303753670043,-0.00011931768027246599,-0.00021109642656810977,-0.00013002130077373493
2021-09-02,0.001698721440080883,0.0,-0.001659062641677624,6.25217367769455e-05,0.0,0.0012793723142911417,-0.0001906051481473753,0.0004132430738838569,0.0005108328725068348
2021-09-03,0.00273290482316095,0.0,-0.00035758988347142493,0.001307106600922121,0.0,-0.0003773733682702072,-0.0002708529842418361,-0.0004047621349724536,-7.608184239705903e-05
2021-09-07,-0.00015937248119026688,0.0,0.004589776921168866,-0.0018714275679994653,0.0,0.00018061789943045535,-0.0008089823803346538,-0.0005964882476994836,0.0
2021-09-08,-0.0009185830554411794,0.0,-0.0016796968332630925,0.0018850235604505718,0.0,-0.0017229223658116227,-0.00031803160395911203,0.0,-0.00027789146406998356
2021-09-09,-0.0009270400914454151,0.0,0.00030547214343814585,0.0008814513962007442,0.0,0.00012157903313821794,-0.0002993883944663146,0.0,-0.0001367771007169261
2021-09-10,-0.0024545223242140755,0.0,-0.0004377129854574313,0.0005045822274462079,0.0,-0.0019894538715266126,-0.0013693590260427718,0.0,0.00010638736500495571
2021-09-13,-0.00029345973457127976,0.0,-0.0001604862023050139,-0.0002628895181387528,0.0,0.0012976538247174093,0.001143276301582424,0.0,0.0005273159722603437
2021-09-14,-0.00033245409948707313,0.0,-0.0024278231487184013,-0.00033855661910928126,0.0,-0.00035227943468299017,-0.003321481008863823,0.0,-0.00018300287036751613
2021-09-15,0.0019503291629604145,0.0,6.450710734913582e-05,-0.0027243236488757355,0.0,0.0015080520811922087,0.001180947432582712,0.0,0.0008907029420635748
2021-09-16,0.0011086624588037318,0.0,-0.0008835658788412602,0.0015159881742620365,0.0,-0.0010734435104074733,4.287737492320785e-05,0.0,-0.0004287649870644152
2021-09-17,-0.004171617089171603,0.0,-0.0007730872785915054,-0.0006414295792194769,0.0,0.0019549225747389353,-0.0025305241802423546,0.0,-0.0005434575962306552
2021-09-20,-0.005784132804626673,0.0,-0.004731488861368162,-0.0033490382591898093,0.0,-0.0026986438537967518,-0.004249097604693029,0.0,-0.0005702432798298087
2021-09-21,0.0021054962513133635,0.0,-0.0031140857740995635,0.0012751861058614231,0.0,0.000472167077303233,-0.0001525670600686545,0.0,0.0012125481342739736
2021-09-22,0.002003927089189445,0.0,-0.0012632804746317442,0.0007598865954515519,0.0,-0.0005707133253769062,0.003448357906800493,0.0,0.00026451992421811817
2021-09-23,0.0026489212705317518,0.0,0.0013723313056212792,0.0015350986460289794,0.0,0.0006335015846892682,0.0054398554339722075,0.0,0.0009813758305072945
2021-09-24,-0.0007469556631411932,0.0,0.000898242921066248,9.770257188512131e-05,0.0,-0.001230746544186757,0.0005736094622935464,0.0,-0.000291536327815088
2021-09-27,-0.002761261404246502,0.0,0.001332530252720179,0.0007411736702515777,0.0,-0.0012253038904057197,0.000791637664292581,0.0,0.0017031237050490723
2021-09-28,-0.008794344820269888,0.0,-0.0052324700836944675,-0.004868410312970566,0.0,-0.0027438929301273,-0.004851073703973666,0.0,8.668003891415693e-05
2021-09-29,-0.0005099590036732461,0.0,-0.0015424006008783453,-0.00025341606707082655,0.0,0.00043800162021250325,-0.0005099554232882885,0.0,9.385979172157984e-05
2021-09-30,0.0005581672612048949,0.0,-0.0024458785927213606,-0.002400413666236561,0.0,-0.0018391231435327233,-0.0038271879412277833,0.0,0.00016462614469246316
2021-10-01,0.0031588330866362466,0.0,0.003941021132483231,0.001751208447678729,0.0,-0.0006665992668076627,0.004037618026842521,0.0,0.0005225139026040987
2021-10-04,-0.008476967571241488,0.0,-0.0051330846829081445,-0.0026433841652907667,0.0,-0.0019283442639748318,-0.0036658061728128033,0.0,0.0003639922961882942
2021-10-05,0.00225174263686995,0.0,0.001939264223261414,0.0008067910705479008,0.0,0.0010977611772940825,0.003850439748099314,0.0,0.0007935634366008312
2021-10-06,0.003709747279608757,0.0,-0.0005332322363655987,0.0017534584072781169,0.0,-0.0004776193033329135,0.0012414897192013765,0.0,-0.0007197054058493288
2021-10-07,0.003118473730675458,0.0,0.00107747101382828,0.00276040802384129,0.0,0.002452788710468423,0.0005745400286978726,0.0,0.0003987624422459401
2021-10-08,-0.0020248616731493637,0.0,-0.0015109994331569114,-0.0020280877912747155,0.0,0.00022552101942913984,0.0008199342057726839,0.0,0.0004188269450065845
2021-10-11,-0.0014541296178579304,0.0,-0.002249943103049091,-0.0013667892618601748,0.0,-0.0007359666762265976,-0.003566597581401465,0.0,0.00046907416979744877
2021-10-12,4.569179690883885e-05,0.0,0.0002937630414571854,0.0019470139290713201,0.0,-0.00022685025875376972,-0.000355781163880223,0.0,7.344169422214222e-05
2021-10-13,0.007015075303994735,0.0,0.0005473940609650123,-1.7916904547542103e-05,0.0,0.0003437460368831034,-3.0951561362685485e-05,0.0,0.0003828487643937382
2021-10-14,0.0034788642932648117,0.0,0.0016546023342676123,0.0021765136496964517,0.0,0.003453016669654786,0.005576210272783775,0.0,0.000557458424065991
2021-10-15,-0.002008461138951399,0.0,0.000600635284550576,0.0015015809376200246,0.0,0.0009676908541607792,0.0039946851922712315,0.0,0.0007388742373748232
2021-10-18,0.001581223853391404,0.0,-0.0004993371037749568,0.003029004184584924,0.0,-0.0008795725415294589,-0.0005581621409951106,7.461574819116269e-05,-0.0002511001649258706
2021-10-19,0.0014198331901636592,0.0,0.0016989372043895536,0.0002848211188611326,0.0,0.00044656205480832645,0.002523367607332841,0.0010090583212321483,0.0004365441543358572
2021-10-20,0.0003136647741459329,0.0,0.0003192196240241312,0.0012213437626687998,0.0,0.0015572088766062746,-0.0004108121734835821,-0.0005121304751601937,9.715163483125883e-05
2021-10-21,0.0043398050352429305,0.0,0.00014811924606286222,0.0016819324271868219,0.0,0.001274945766589378,-1.799561364653542e-05,0.0009205676808473322,-0.000339156430616703
2021-10-22,-0.004607451031848896,0.0,-0.0036365244300955025,0.0009901570413553518,0.0,0.0008624423630922667,0.0029416286079190427,-0.00024307845633942112,-0.0001716636822700473
2021-10-25,0.0033197554438026437,0.0,0.0017991208982271905,0.002394693172848641,0.0,0.0005914344277170801,0.0011359956959408142,-0.0016722875812560023,0.00028951517667712384
2021-10-26,0.0008891266862419511,0.0,-0.0015511855487240203,-0.0008289408451635998,0.0,0.0008781838534829664,0.0017399526751156547,0.0009356390739982502,-0.0002051852890891134
2021-10-27,0.001074536888089952,0.0,-0.0022746707826041207,-0.0010322045463212071,0.0,-0.0011154921279524189,-0.004553442662186323,-0.001873266931378739,0.0004642198025894719
2021-10-28,0.00209483732575365,0.0,0.0008737654611016561,-0.00047409846824596734,0.0,0.0008779040479685821,0.0028555891881922747,-0.0001143831386514044,-0.0016882721623846307
2021-10-29,0.0019813244502544887,0.0,0.0009014810809474473,-0.003778793855126787,0.0,0.000532379742978412,-0.00026344820374724125,-0.0006270557378560441,-0.0009604787558624585
2021-11-01,-0.0002791529137997356,0.0,0.002230502835694632,0.0008691030135790448,0.0,-0.00029703638913887095,-0.0005734368288221348,0.0009241010870150397,-2.0626507005807355e-05
2021-11-02,0.0021583413831030795,0.0,-0.0007103068634546526,0.0008323417098646073,0.0,0.0003537811105249272,-0.0005992275707946925,-0.00010832523467230278,-0.00044565522958239854
2021-11-03,-0.004046037064203957,0.0,0.0009502361702085277,0.0008858828556780275,0.0,0.001229553205667633,-0.0010789490670425187,-0.0009242207337909596,-0.000410763725944927
2021-11-04,0.00021570162204903915,0.0,0.00093148996923046,0.004480220344271495,0.0,-0.0009520931268047133,-0.002496334167518207,0.0008490563751996705,9.617112878700737e-05
2021-11-05,0.0013326127048752816,0.0,0.003250063624524888,0.0012079884994950737,0.0,-0.0016298277436148675,0.0009874775371913887,0.004925085817704396,0.0005272964428444179
2021-11-08,5.426746511629773e-06,0.0,0.00042147317655745215,-0.0010597939118747967,0.0,0.001034044136677011,0.0012806977012844159,0.0012793411439016775,0.00015585158970449206
2021-11-09,0.0011254026880703498,0.0,-0.0013888480984472211,-0.0007133408617076157,0.0,-0.00038504023814998857,-0.0013604829295194361,0.0014077633648084127,0.00016887783993344062
2021-11-10,-0.006181262822749364,0.0,-0.0023210140780935513,-0.00223986046132859,0.0,-0.0009075789977469553,-0.0008954032464139016,-0.001048243546921575,-0.001034719578017828
2021-11-11,0.004008144811289906,0.0,-0.004223651067377348,-0.0007192659926643541,0.0,-0.0005353311836948269,-5.627398118824667e-05,-0.002888055907133685,4.118048990926888e-05
2021-11-12,0.0017126167501184102,0.0,0.0004127318356629524,0.0034567618517813517,0.0,0.0006458259245006905,0.0006046877966840862,-0.0018113413524015014,0.0
2021-11-15,3.956692481071684e-05,0.0,0.00041202344518082696,-3.138019789193782e-05,0.0,-0.0015444299366240623,-0.0001418869590622281,0.00146529608700262,0.0005389135487971277
2021-11-16,0.0013224968788722307,0.0,-0.0007606649157446365,0.0049483482155250795,0.0,-3.6030193852245446e-05,0.0020818320943464157,-0.0008874415532460633,0.0002602282481828837
2021-11-17,-0.0010947201709191048,0.0,-0.0011450795556486783,-6.096575094388125e-05,0.0,2.6552569406356456e-06,-0.0053715382784059965,0.0015691779828970148,-0.0002650656247915679
2021-11-18,-7.20321571698439e-05,0.0,-0.0018846755740559308,0.002781001974795902,0.0,-0.00016006331942585868,-0.0007362625725046419,0.00022407969214947794,-0.00023341634598903017
2021-11-19,9.071182829748414e-05,0.0,-0.00022810461842968856,-0.0004868817500760865,0.0,-0.0009630898441378111,-0.0029066111703315153,-0.0038376881880403005,-0.001213868857685733
2021-11-22,-0.00820053378583664,0.0,-0.001414110992791177,-0.0015743855809159744,0.0,-0.0009979628106093197,0.0018585475496130691,-0.000297640843366671,-3.366893015209439e-05
2021-11-23,-0.002597335051877312,0.0,-0.0018350229003817687,0.0014320784358648373,0.0,0.0012578315634040077,0.004394236840205504,-0.0005962451422286635,0.0008303843789273089
2021-11-24,0.0026930245290698192,0.0,0.0007601267888650402,0.0031314549387791765,0.0,0.0004560769017928309,0.0016424255032327115,-0.0009840943265936105,8.144415316346851e-05
2021-11-26,-0.0017900175989718687,0.0,-0.003631217239604517,-0.004241357631217773,0.0,-0.0011165746581158736,-0.006046206538873883,-0.007638227759686682,-0.0016028022555984068
2021-11-29,0.0019070748391397,0.0,0.0010869885445895862,-0.0007509366403929377,0.0,0.0020688796594097994,0.0012169921312165165,0.0031710811595669496,0.00031807564241614043
2021-11-30,-0.004971097145034718,0.0,-0.003756762461139463,-0.002543805969942618,0.0,-0.0020942464131416174,-0.004638038789377797,-0.0008456456551716006,-0.00027411447605677055
2021-12-01,-0.003834196532046601,0.0,-0.004270151885136342,-0.002849089794885291,0.0,-0.0006553327620626901,-0.002332102407072524,-0.0034485398654930453,-0.00045412415718104653
2021-12-02,0.008842002554579124,0.0,0.004273755303431578,0.0016261243702075411,0.0,0.00023758422670237125,0.006888652004640391,0.0040717312114254035,0.0016787718000658713
2021-12-03,-0.00530660188123673,0.0,-0.0013110762947009123,-0.002642915340206799,0.0,-1.2455326727998527e-05,-0.0026913709129380743,0.00026443486745325866,-0.0002422805042870039
2021-12-06,0.0022208811548012886,0.0,0.004487990422891718,0.0016898311132927835,0.0,0.001136358403030829,0.002547353073814028,0.002482894448887836,0.0005254441070654436
2021-12-07,0.00916002835039179,0.0,0.0018703802235273369,0.003800112539288403,0.0,0.002269303940871666,0.004850559689845377,0.00024018019736672092,-4.831216919022122e-05
2021-12-08,0.001636748821447525,0.0,0.002447019821557454,0.00048211120385289595,0.0,0.0011519289250957407,-0.0017812409267108182,0.0012437689524697568,0.00012154085607906071
2021-12-09,-0.003427333916363674,0.0,-0.0008676091348204105,-0.0020919431413270453,0.0,-3.919380906730748e-05,6.402539391971222e-05,-0.0009055049903978994,-0.0003135948342360278
2021-12-10,0.004310635604337027,0.0,7.373084367772698e-05,0.00024226307840354662,0.0,-7.897437234260885e-06,-7.373486170735924e-05,-4.3450972399504666e-05,0.0001119146814883503
2021-12-13,-0.0034865328509620652,0.0,-0.0006628673418183291,-0.002814545600397384,0.0,0.0009277399147370622,-0.0014849055132008585,-0.0017497880412650575,-0.0008285742221274579
2021-12-14,-0.003962370046897468,0.0,-0.0012021492967582248,-0.001232469280652722,0.0,0.00022144479663115506,0.0004494888083047743,-0.001075617745674019,-9.886251672521153e-05
2021-12-15,0.0033342099907030247,0.0,0.0026771873436269036,0.0022471393417232495,0.0,0.002963891412411666,0.003368718124624899,-0.00015263609381106706,0.00013273177117755937
2021-12-16,-0.007354982416047443,0.0,-0.0033177206350004295,-0.003214373769719988,0.0,-0.0003493044596492723,0.002341769380533394,-0.0007784102421714125,4.5788544211432486e-05
2021-12-17,0.003480723760073575,0.0,0.0015409521485510614,-0.004377732192311604,0.0,-0.0003153420015233905,-0.0046440545997428,0.0009592847069564151,-0.000516741650335078
2021-12-20,0.0003761667088668693,0.0,-0.002393747447211994,-0.0006018619336597094,0.0,-0.00092604049744748,-0.0033006432331386787,-0.00038573697744149083,-0.00010259039880361132
2021-12-21,0.007237071654643157,0.0,0.003730151419092947,0.0025864455642257873,0.0,0.0006641778861579244,0.004762242470666452,0.0038899916222875607,0.0007578821552387082
2021-12-22,0.0021000012211467994,0.0,-5.7883796143009755e-05,0.0016611581374732084,0.0,0.0009773097675896858,0.001549432962178311,0.000728275929385911,0.0003769225192420756
2021-12-23,-0.000988902082441582,0.0,0.0015755599242750313,0.0010116219164145925,0.0,0.00045837295627330834,0.0006895516510489546,0.0017773508747301447,0.00017372761218068214
2021-12-27,0.0029129358662295817,0.0,0.001013541171892969,0.0023742394356041268,0.0,0.0003857282979466165,0.0021867019266626013,-6.650536885560982e-05,0.00031257350847598426
2021-12-28,-0.002222348278739263,0.0,0.00086384807155861,0.00011231140687987412,0.0,0.00029392558892225667,-4.301136641765152e-05,0.0003584426385487288,-0.00018519390474334955
2021-12-29,0.0004974520937337378,0.0,-0.0005703986576084232,0.0010582746189254394,0.0,0.0007533473534395411,-0.0005715892309237031,1.1969595323021183e-06,-0.0001494739708623605
2021-12-30,-0.00047587508673079784,-0.0001479875758797901,0.0008430131835763509,-0.00017538362298481197,0.0,0.0002607347025298328,-0.0012721182337211822,0.0004559931379337729,-0.00017538540707928146
2021-12-31,-0.0014940975538989126,0.0,-0.002552960778942447,0.0006610598322141286,0.0,-0.0008248525915854597,-0.0008049635154370232,0.00021879858322766349,-4.095019829942741e-05
2022-01-03,0.00012839192484776982,0.00014444142564843334,0.0004921770723130385,-0.0018007366840310187,0.0,6.205273652732288e-05,0.0025497004631299205,0.0005681462876384918,0.0006901220039366785
2022-01-04,-0.00613280978148191,-0.0016043350445612938,-0.0011630840689427777,-0.0015953606205619223,0.0,-0.0029985964132564504,0.0035740228179693143,0.0004595843850918343,0.0005933163192452901
2022-01-05,-0.006072018542498613,-0.0032289912344130698,-0.003593659240051705,-0.0035079406566809026,0.0,-0.0011040005619955106,-0.0027157399773953483,0.0007177900956301024,7.912581363622412e-05
2022-01-06,-0.0014436206036564229,0.0014578217552768484,8.546827799635901e-05,0.0010086346605270547,0.0,-0.003933868210080009,0.002091351562473764,-0.0005850496083193652,0.0005119158711717672
2022-01-07,2.2811863117129535e-05,-0.00046778845747432146,-0.0008725897071965497,-0.003973261874230957,0.0,-0.0020151441796262344,0.0018906275911037486,0.0017965239192512805,0.00035264972379117805
2022-01-10,9.631248269795894e-05,-0.002959398984174323,-0.0009392748299894288,-0.0014580192669269318,0.0,0.0013636152568776295,-0.0018346858906344975,-0.0019472102964752896,-0.00018690045685273063
2022-01-11,0.0016338402287957034,0.0005966303306105071,0.0011965481989219106,-0.0011186971295060434,0.0,0.0006766025128926103,0.001561755233119104,0.0018125991467992932,0.000988951579748628
2022-01-12,0.0004131156558738812,0.0014423950229140701,-0.0004856302731006121,-0.0002738225086552646,0.0,0.0003186601091745633,-0.0003062558501004107,0.000984619091035975,0.0005543228339143735
2022-01-13,-0.004582705515809226,-0.0010701799144610022,-0.003258134131104034,-0.0020011269771181787,0.0,-0.0021314915453844777,-0.0016167003270203453,-0.001520601015062537,-5.328852280382784e-05
2022-01-14,-0.00010930679301009584,0.0013570501177022722,-0.00020217092541021569,-0.0028516385263731934,0.0,0.0002398945806947611,-0.0029087118279114534,-0.0010098686578152295,0.0005552397929627678
2022-01-18,-0.004001740156879147,-0.003258562291709111,-0.0026555139522241493,-0.0016951726527904413,0.0,-0.002707999999116035,-0.003975488049081511,-0.0028460287508948047,0.0006191660506722262
2022-01-19,-0.0006401778062031557,-0.0020040893164026703,-0.00021240144429554098,-0.0011592680248696241,0.0,-0.00012307495131568685,-3.0773281240114366e-05,-9.72653468030735e-05,-7.642471966435533e-05
2022-01-20,-0.0005053782790691642,0.0004258639048626167,-0.0020534091736406686,-0.0019646962915546495,0.0,-0.00040470066804263247,0.0006309766574536799,-0.0002312523097506037,-0.0009280223330935587
2022-01-21,-0.004169357331599025,-0.0014689364733083406,-0.01654316354153278,-0.0007985997883710582,0.0,-0.0008376780792898106,-0.002824668280278519,-0.002499016875251834,-0.0006593209769280666
2022-01-24,0.002376554391198501,-0.001143438482787285,-0.0004637459517573766,0.0029817990972372246,0.0,7.849346788610579e-05,-0.0005122835064159171,0.000960543443660662,-0.000397641689477422
2022-01-25,-0.003560035716970963,-0.004297615402575308,-0.0034046740358242653,-0.0019765367830850014,0.0,-0.0006255773835170447,-0.0009579144853878457,-0.0013725782416316862,0.001217202430522859
2022-01-26,0.00047136893620965104,0.00045581577483572893,-0.0023208634204227624,-0.0012323556738884738,0.0,0.00018854653639534193,0.0007434916092653355,-0.0003906890665430081,0.0007891730656951606
2022-01-27,6.0320942353479746e-05,-0.0025819967388565684,0.003336243524479158,-0.0003804260460171283,0.0,0.000552636390597548,0.0001984841226636773,-0.003640783298219717,0.00012259191197138455
2022-01-28,0.008487648315398213,0.0012903704675183776,0.001713520525749967,0.0025327384766299556,0.0,0.0019407550865285738,0.0064259545800711936,0.002003177290478688,-2.0479518696487825e-05
