target_shift1,date,close,close_mv10,close_mv20,close_mv5,dayofmonth_freq_cos,dayofmonth_freq_sin,fast_d,fast_k,fore,fore_mv10,fore_mv20,fore_mv5,inst,inst_mv10,inst_mv20,inst_mv5,kospi,kospi_mv10,kospi_mv20,kospi_mv5,mfi,mfi_signal,obv,obv_ema,trading_amount,trading_amount_mv10,trading_amount_mv20,trading_amount_mv5,volume,volume_mv10,volume_mv20,volume_mv5,weekday,weeknum
23300.0,2021-01-04,21900.0,20496.0,20001.0,21168.0,-0.7266603220339333,0.6869969260350008,93.43173597289429,97.98657718120806,29932.0,11915.8,13282.3,16656.0,-16086.0,5144.8,3000.75,-5973.6,2944.0,2830.1,2794.25,2876.8,50.39768268942903,buy,471317.0,221244.63387394173,1600014000.0,1126295030.0,1134966770.0,1055746668.0,73060.0,54600.9,56583.35,49684.8,0,1
24000.0,2021-01-05,23300.0,20896.0,20252.0,21640.0,-0.8613126282322195,0.5080753452468506,90.96038457147733,86.05577689243027,68166.0,19000.0,16635.8,26064.8,-10397.0,5161.7,2637.15,-5000.2,2991.0,2855.8,2808.75,2910.8,51.11352910745913,buy,612501.0,252984.60750027827,3289587200.0,1368060210.0,1260677906.0,1439722840.0,141184.0,64201.5,61521.75,64839.4,1,1
24200.0,2021-01-06,24000.0,21380.0,20502.0,22240.0,-0.9527751227229875,0.3036767451093285,88.89896076549623,84.7972972972973,41398.0,22705.5,17523.6,32196.0,-15647.0,3680.1,918.45,-8228.4,2968.0,2876.6,2819.4,2929.8,64.86611829525796,buy,722928.0,290564.64794205944,2650248000.0,1566287502.0,1311203406.0,1815838240.0,110427.0,71757.9,62728.0,79594.6,2,1
23460.0,2021-01-07,24200.0,21812.0,20740.0,22880.0,-0.9964614941176245,0.08405052492918362,88.65731389668797,88.17567567567568,2659.0,21884.7,16351.2,30579.4,12655.0,2757.0,1227.1,-5796.2,3032.0,2899.1,2833.7,2961.6,59.6404858312167,buy,828929.0,333051.02849234437,2565224200.0,1723056058.0,1353108248.0,2174948880.0,106001.0,77340.2,63585.85,93464.6,3,1
23960.0,2021-01-08,23460.0,22170.0,20936.0,23372.0,-0.9901811253364696,-0.13979033953532904,84.32350319461099,75.67567567567568,-6286.0,20169.4,15237.65,27173.8,5193.0,1087.7,1716.25,-4856.4,3152.0,2933.6,2852.8,3017.4,54.77143066594259,buy,701803.0,361799.822964409,2982375960.0,1921539790.0,1455232369.0,2617489872.0,127126.0,85035.0,67537.1,111559.6,4,2
24180.0,2021-01-11,23960.0,22476.0,21167.0,23784.0,-0.6869969260348808,-0.7266603220340467,84.25614096703345,84.12162162162163,14189.0,20340.6,15747.15,24025.2,1733.0,-3633.1,2032.45,-1292.6,3148.0,2967.5,2872.1,3058.2,63.23332313898604,buy,813943.0,396656.26761387323,2686874400.0,1945304310.0,1549913617.0,2834861952.0,112140.0,84530.2,71093.3,119375.6,0,2
24520.0,2021-01-12,24180.0,22800.0,21403.0,23960.0,-0.5080753452467083,-0.8613126282323035,85.26449358370476,87.27915194346289,26730.0,20901.4,16518.85,15738.0,-10869.0,-3193.6,1760.95,-1387.0,3126.0,2998.0,2890.55,3085.2,57.9219745250002,buy,893226.0,434542.66340103623,1917062940.0,2000039970.0,1612270266.0,2560357100.0,79283.0,85917.4,73336.15,106995.4,1,2
23600.0,2021-01-13,24520.0,23152.0,21631.0,24064.0,-0.30367674510917114,-0.9527751227230377,87.93960880861854,93.28621908127208,19839.0,21811.1,15891.1,11426.2,-4150.0,-3658.0,1485.75,912.4,3148.0,3025.5,2909.35,3121.2,51.78338502974757,buy,966812.0,474765.47630268056,1804328720.0,2103505742.0,1633510930.0,2391173244.0,73586.0,89610.9,73559.75,99627.2,2,2
24000.0,2021-01-14,23600.0,23412.0,21797.0,23944.0,-0.08405052492901906,-0.9964614941176384,83.32621371141107,74.10358565737052,-7647.0,19972.2,14659.0,9365.0,-3507.0,-4058.1,1152.95,-2320.0,3150.0,3053.2,2928.35,3144.8,46.27012192531312,sell,830814.0,501434.1400195036,3209552800.0,2347493922.0,1725702768.0,2520038964.0,135998.0,99545.6,76992.5,105626.6,3,2
25280.0,2021-01-15,24000.0,23712.0,22016.0,24052.0,0.13979033953549258,-0.9901811253364465,82.63400369601389,81.25,25498.0,21447.8,16453.6,15721.8,-14964.0,-5603.9,694.1,-6351.4,3086.0,3074.5,2944.05,3131.6,47.977402960719225,sell,900817.0,531104.2854768788,1680072000.0,2438534022.0,1750841463.0,2259578172.0,70003.0,102880.8,77492.4,94202.0,4,3
27140.0,2021-01-18,25280.0,24050.0,22273.0,24316.0,0.7266603220341602,-0.6869969260347608,85.05074830678066,89.88326848249028,-3114.0,18143.2,15029.5,12261.2,22534.0,-1741.9,1701.45,-2191.2,3014.0,3081.5,2955.8,3104.8,47.39705626881973,sell,1045245.0,569010.8164396891,3651139840.0,2643646606.0,1884970818.0,2452431260.0,144428.0,110017.6,82309.25,100659.6,0,3
29100.0,2021-01-19,27140.0,24434.0,22665.0,24908.0,0.8613126282323873,-0.5080753452465661,83.04178327741803,79.02439024390245,19513.0,13277.9,16138.95,10817.8,8087.0,106.5,2634.1,1600.0,3093.0,3091.7,2973.75,3098.2,55.095287970267904,buy,1179882.0,613733.2875428011,3654048180.0,2680092704.0,2024076457.0,2799828308.0,134637.0,109362.9,86782.2,111730.4,1,3
27940.0,2021-01-20,29100.0,24944.0,23162.0,25824.0,0.9527751227228116,-0.30367674510988035,82.41243351750941,81.15384615384616,28150.0,11953.1,17329.3,12480.0,7671.0,2438.3,3059.2,3964.2,3115.0,3106.4,2991.5,3091.6,59.079093219414965,buy,1360128.0,668022.2838894161,5245158600.0,2939583764.0,2252935633.0,3487994284.0,180246.0,116344.8,94051.35,133062.4,2,3
23660.0,2021-01-21,27940.0,25318.0,23565.0,26692.0,0.9964614941175759,-0.08405052492976078,78.0395694340365,69.2943607912607,3399.0,12027.1,16955.9,14689.2,-12221.0,-49.3,1353.85,2221.4,3161.0,3119.3,3009.2,3093.8,64.05032385993265,buy,1223832.0,708205.2440609611,3808110240.0,3063872368.0,2393464213.0,3607705772.0,136296.0,119374.3,98357.25,133122.0,3,3
23860.0,2021-01-22,23660.0,25338.0,23754.0,26624.0,0.9901811253364234,0.1397903395356561,59.33952867176596,21.940928270042196,-72317.0,5424.0,12796.7,-4873.8,5994.0,30.8,559.25,6413.0,3141.0,3118.2,3025.9,3104.8,56.239368503013964,buy,980894.0,727809.2570109807,5747913080.0,3340426080.0,2630982935.0,4421273988.0,242938.0,130955.5,107995.25,167709.0,4,4
23840.0,2021-01-25,23860.0,25328.0,23902.0,26340.0,0.6869969260353017,0.7266603220336488,43.766531422797165,12.62135922330097,-17016.0,2303.5,11322.05,-7654.2,6479.0,505.4,-1563.85,3202.0,3209.0,3124.3,3045.9,3143.8,59.20762232030797,buy,1082515.0,753177.0535984284,2424677060.0,3314206346.0,2629755328.0,4175981432.0,101621.0,129903.6,107216.9,159147.6,0,4
22940.0,2021-01-26,23840.0,25294.0,24047.0,25680.0,0.5080753452464238,0.8613126282324712,32.725412844590245,10.643564356435643,-3959.0,-765.4,10068.0,-12348.6,-7070.0,885.3,-1154.15,170.6,3140.0,3125.7,3061.85,3153.2,59.51057348641685,buy,994436.0,770348.0777736063,2099803360.0,3332480388.0,2666260179.0,3865132468.0,88079.0,130783.2,108350.3,149836.0,1,4
21900.0,2021-01-27,22940.0,25136.0,24144.0,24448.0,0.30367674510972303,0.9527751227228618,23.004514309335743,3.5629453681710213,-2003.0,-2949.6,9430.75,-18379.2,-5840.0,716.3,-1470.85,-2531.6,3123.0,3123.2,3074.35,3154.8,60.12654633727156,buy,905093.0,779895.2043090151,2049528420.0,3357000358.0,2730253050.0,3226006432.0,89343.0,132358.9,110984.9,131655.4,2,4
21460.0,2021-01-28,21900.0,24966.0,24189.0,23240.0,0.08405052492959622,0.9964614941175898,16.797688374266958,4.3841336116910234,-15120.0,-3696.9,8137.65,-22083.0,-8419.0,225.1,-1916.5,-1771.2,3069.0,3115.1,3084.15,3136.4,54.083066123833554,buy,778971.0,779829.9943675856,2762071800.0,3312252258.0,2829873090.0,3016798744.0,126122.0,131371.3,115458.45,129620.6,3,4
22000.0,2021-01-29,21460.0,24712.0,24212.0,22800.0,-0.13979033953491904,0.9901811253365276,13.643750396089523,7.335907335907336,336.0,-6213.1,7617.35,-7552.4,-3667.0,1354.8,-2124.55,-3703.4,2976.0,3104.1,3089.3,3103.4,60.79521854712151,buy,658530.0,771304.493011292,2584663860.0,3402711444.0,2920622733.0,2384148900.0,120441.0,136415.1,119647.95,105121.2,4,5
21660.0,2021-02-01,22000.0,24384.0,24217.0,22428.0,-0.7266603220337622,0.6869969260351817,13.278586933764014,12.548262548262548,212.0,-5880.5,6131.35,-4106.8,-4069.0,-1305.5,-1523.7,-5813.0,3057.0,3108.4,3094.95,3073.0,59.78094219067537,buy,718686.0,767619.5632676404,1323432000.0,3169940660.0,2906793633.0,2163899888.0,60156.0,127987.9,119002.75,96828.2,0,1
21880.0,2021-02-02,21660.0,23836.0,24135.0,21992.0,-0.8613126282325552,0.5080753452462816,11.941192311419076,9.266409266409266,-16545.0,-9486.3,1895.8,-6624.0,-4997.0,-2613.9,-1253.7,-5398.4,3097.0,3108.8,3100.25,3064.4,60.4901740721303,buy,656427.0,759858.7388897146,1348529940.0,2939388836.0,2809740770.0,2013645204.0,62259.0,120750.1,115056.5,91664.2,1,1
21500.0,2021-02-03,21880.0,23114.0,24029.0,21780.0,-0.9527751227229119,0.30367674510956566,11.7574484816509,11.389961389961389,-2512.0,-12552.5,-299.7,-6725.8,502.0,-3330.8,-446.25,-4130.0,3130.0,3110.3,3108.35,3065.8,58.559493946970214,buy,705338.0,756065.2675546731,1070172680.0,2521890244.0,2730737004.0,1817774056.0,48911.0,107616.6,111980.7,83577.8,2,1
21200.0,2021-02-04,21500.0,22470.0,23894.0,21700.0,-0.9964614941176037,0.08405052492943167,10.412300637974106,7.722007722007722,-6145.0,-13506.9,-739.9,-4930.8,-8927.0,-3001.4,-1525.35,-4231.6,3088.0,3103.0,3111.15,3069.6,59.50247450075345,buy,648921.0,748631.9744546715,1212965500.0,2262375770.0,2663124069.0,1507952796.0,56417.0,99628.7,109501.5,69636.8,3,1
21520.0,2021-02-05,21200.0,22224.0,23781.0,21648.0,-0.9901811253365045,-0.13979033953508258,8.550284514893702,4.826254826254826,-9939.0,-7269.1,-922.55,-6985.8,1518.0,-3449.0,-1709.1,-3194.6,3121.0,3101.0,3109.6,3098.6,56.78434822152798,buy,601035.0,738419.8875204818,1015183200.0,1789102782.0,2564764431.0,1194056664.0,47886.0,80123.5,105539.5,55125.8,4,1
21400.0,2021-02-08,21520.0,21990.0,23659.0,21552.0,-0.6869969260350617,-0.7266603220338756,8.338542250318914,7.915057915057915,-1185.0,-5686.0,-1691.25,-7265.2,-2716.0,-4368.5,-1931.55,-2924.0,3091.0,3089.2,3106.75,3105.4,50.30414255120332,buy,649963.0,732315.0424573144,1052930560.0,1651928132.0,2483067239.0,1139956376.0,48928.0,74854.2,102378.9,52880.2,0,2
21420.0,2021-02-09,21400.0,21746.0,23520.0,21500.0,-0.5080753452469228,-0.8613126282321769,8.11750765406582,7.675438596491229,4586.0,-4831.5,-2798.45,-3039.0,-2895.0,-3951.0,-1532.85,-2503.6,3085.0,3083.7,3104.7,3103.0,43.103728410762436,sell,618120.0,724452.3442878221,681440200.0,1510091816.0,2421286102.0,1006538428.0,31843.0,69230.6,100006.9,46797.0,1,2
21420.0,2021-02-10,21420.0,21594.0,23365.0,21408.0,-0.30367674510940834,-0.952775122722962,8.782458376436093,10.112359550561797,-2479.0,-4879.1,-3914.35,-3032.4,3106.0,-3056.4,-1170.05,-1982.8,3101.0,3081.5,3102.35,3097.2,48.46012150692693,sell,660343.0,720047.8392517206,904416660.0,1395580640.0,2376290499.0,973387224.0,42223.0,64518.6,98438.75,45459.4,2,2
21420.0,2021-02-11,21420.0,21546.0,23256.0,21392.0,-0.08405052492926711,-0.9964614941176175,11.309517934044372,16.363636363636363,-2479.0,-3615.0,-3655.95,-2299.2,3106.0,-1903.9,-839.4,423.8,3101.0,3084.7,3099.9,3099.8,35.45009687092697,sell,660343.0,715954.2728908923,904416660.0,1209815126.0,2261033692.0,911677456.0,42223.0,56128.7,93750.0,42620.6,3,2
22420.0,2021-02-12,21420.0,21542.0,23127.0,21436.0,0.13979033953524608,-0.9901811253364814,12.994224178815704,16.363636363636363,-2479.0,-3896.5,-5054.8,-807.2,3106.0,-1226.6,64.1,741.4,3101.0,3097.2,3100.65,3095.8,43.02330937313507,sell,660343.0,712148.5936616682,904416660.0,1041790406.0,2222250925.0,889524148.0,42223.0,48306.9,92361.0,41488.0,4,2
22480.0,2021-02-15,22420.0,21584.0,22984.0,21616.0,0.7266603220339891,-0.6869969260349418,27.15744034440848,55.483870967741936,-798.0,-3997.5,-4939.0,-729.8,8782.0,58.5,-623.5,3041.0,3147.0,3106.2,3107.3,3107.0,51.0538332186254,buy,757384.0,715238.7549714303,2175659220.0,1127013128.0,2148476894.0,1114069880.0,97041.0,51995.4,89991.65,51110.6,0,3
23400.0,2021-02-16,22480.0,21666.0,22751.0,21832.0,0.8613126282322608,-0.5080753452467806,46.092382120641034,83.9622641509434,-1971.0,-2540.1,-6013.2,-2041.2,-443.0,513.9,-1050.0,3531.4,3163.0,3112.8,3110.8,3122.6,62.848693124335874,buy,864612.0,725426.102294423,2410485440.0,1233208678.0,2086298757.0,1459878928.0,107228.0,56492.3,88621.2,66187.6,1,3
23200.0,2021-02-17,23400.0,21818.0,22466.0,22228.0,0.9527751227230122,-0.303676745109251,61.133660421200474,91.21621621621621,11879.0,-1101.0,-6826.75,830.4,-1310.0,332.7,-1499.05,2648.2,3134.0,3113.2,3111.75,3129.2,62.07608528682466,buy,957295.0,741215.4838351844,2168782200.0,1343069630.0,1932479937.0,1712752036.0,92683.0,60869.5,84243.05,76279.6,2,3
22440.0,2021-02-18,23200.0,21988.0,22229.0,22584.0,0.9964614941176314,-0.08405052492910256,67.07156315853528,78.94736842105263,-14865.0,-1973.0,-7739.95,-1646.8,107.0,1236.1,-882.65,2048.4,3087.0,3113.1,3108.05,3126.4,63.66315435080862,buy,909790.0,752678.3749223496,1102116000.0,1331984680.0,1797180225.0,1752291904.0,47505.0,59978.3,79803.5,77336.0,3,3
21360.0,2021-02-19,22440.0,22112.0,22168.0,22788.0,0.9901811253364583,0.1397903395354096,62.69683154464051,53.94736842105263,-12598.0,-2238.9,-4754.0,-3670.6,3021.0,1386.4,-1031.3,2031.4,3108.0,3111.8,3106.4,3127.8,64.4284533296771,buy,872221.0,760796.3331426007,843048360.0,1314771196.0,1551936989.0,1740018244.0,37569.0,58946.6,69535.05,76405.2,4,3
20160.0,2021-02-22,21360.0,22096.0,22043.0,22576.0,0.6869969260348218,0.7266603220341026,47.93823849550115,18.421052631578945,-12371.0,-3357.5,-4521.75,-5985.2,-3688.0,1289.2,-1539.65,-462.6,3080.0,3110.7,3099.95,3114.4,58.15141692624996,buy,805479.0,763826.9018198461,1425609120.0,1352039052.0,1501983592.0,1590008224.0,66742.0,60728.0,67791.1,70345.4,0,4
20220.0,2021-02-23,20160.0,21972.0,21859.0,22112.0,0.5080753452466382,0.8613126282323448,33.34771450107018,4.166666666666666,-27005.0,-6516.6,-5674.05,-10992.0,1522.0,1730.9,-1110.05,-69.6,3070.0,3109.2,3096.45,3095.8,65.4577920341546,buy,733978.0,761804.7630419042,1441460160.0,1428041048.0,1469066432.0,1396203168.0,71501.0,64693.8,66962.2,63200.0,1,4
20580.0,2021-02-24,20220.0,21852.0,21723.0,21476.0,0.3036767451099602,0.9527751227227862,24.14153186794487,5.729166666666666,5655.0,-5703.2,-5291.15,-12236.8,-3149.0,1105.4,-975.5,-437.4,2995.0,3098.6,3090.05,3068.0,65.96496599633433,buy,784756.0,763357.9376173271,1026731160.0,1440272498.0,1417926569.0,1167792960.0,50778.0,65549.3,65033.95,54819.0,2,4
20680.0,2021-02-25,20580.0,21768.0,21657.0,20952.0,0.08405052492893801,0.9964614941176453,21.129076796127617,15.104166666666666,-12594.0,-6714.7,-5164.85,-11782.6,10962.0,1891.0,-6.45,1733.6,3100.0,3098.5,3091.6,3070.6,65.89128558549359,buy,820888.0,767247.2451111125,743596560.0,1424190488.0,1317002807.0,1096089072.0,36132.0,64940.2,60534.45,52544.4,3,4
20680.0,2021-02-26,20680.0,21694.0,21618.0,20600.0,-0.13979033953557313,0.9901811253364352,22.57661723666774,25.471698113207548,-7121.0,-7178.9,-5537.7,-10687.2,-6635.0,916.9,-154.85,-197.6,3013.0,3089.7,3093.45,3051.6,60.843962192986986,buy,881754.0,774981.1942883149,1258708880.0,1459619710.0,1250705058.0,1179221176.0,60866.0,66804.5,57555.7,57203.8,4,4
21740.0,2021-03-01,20680.0,21520.0,21552.0,20464.0,-0.7266603220335912,0.6869969260353627,23.541644196187,25.471698113207548,-7121.0,-7811.2,-5904.35,-9637.2,-6635.0,-624.8,-283.15,-787.0,3013.0,3076.3,3091.25,3038.2,66.04670703452868,buy,881754.0,782186.4786633784,1258708880.0,1367924676.0,1247468902.0,1145841128.0,60866.0,63187.0,57591.2,56028.6,0,1
22820.0,2021-03-02,21740.0,21446.0,21556.0,20780.0,-0.8613126282324286,0.508075345246496,32.518328839365225,50.47169811320755,6142.0,-6999.9,-4770.0,-3007.8,5964.0,15.9,264.9,101.4,3044.0,3064.4,3088.6,3033.0,66.70036507849838,buy,961519.0,794278.4025485446,1734091100.0,1300285242.0,1266746960.0,1204367316.0,79765.0,60440.7,58466.5,57681.4,1,1
23440.0,2021-03-03,22820.0,21388.0,21603.0,21300.0,-0.9527751227228364,0.30367674510980286,46.993351306199436,75.94339622641509,20850.0,-6102.8,-3601.9,31.2,1313.0,278.2,305.45,993.8,3083.0,3059.3,3086.25,3050.6,68.17012903353705,buy,1066011.0,812586.694868887,2384507440.0,1321857766.0,1332463698.0,1475922572.0,104492.0,61621.6,61245.55,68424.2,2,1
22500.0,2021-03-04,23440.0,21412.0,21700.0,21872.0,-0.9964614941176592,0.08405052492877345,61.51758011908232,90.56603773584906,-306.0,-4646.9,-3309.95,2488.8,65.0,274.0,755.05,-1185.6,3043.0,3054.9,3084.0,3039.2,70.47753001427742,buy,1115963.0,833012.5264352913,1170874880.0,1328733654.0,1330359167.0,1561378236.0,49952.0,61866.3,60922.3,71188.2,3,1
22100.0,2021-03-05,22500.0,21418.0,21765.0,22236.0,-0.9901811253364121,-0.13979033953573664,63.8104622180687,68.39622641509435,-1135.0,-3500.6,-2869.75,3686.0,1428.0,114.7,750.55,427.0,3026.0,3046.7,3079.25,3041.8,62.80611910211611,buy,1068855.0,848880.9151892354,1059930000.0,1350421818.0,1332596507.0,1521622460.0,47108.0,62820.2,60883.4,68436.6,4,1
21840.0,2021-03-08,22100.0,21492.0,21794.0,22520.0,-0.6869969260352426,-0.7266603220337047,62.19439619554526,58.9622641509434,-5514.0,-2814.9,-3086.2,4007.4,832.0,566.7,927.95,1920.4,2996.0,3038.3,3074.5,3038.4,53.864884481541104,buy,1041149.0,861809.4722227729,612302600.0,1269091166.0,1310565109.0,1392341204.0,27706.0,58916.6,59822.3,61804.6,0,2
21500.0,2021-03-09,21840.0,21660.0,21816.0,22540.0,-0.5080753452463538,-0.8613126282325125,59.07299368992092,52.83018867924528,-3027.0,-417.1,-3466.85,2173.6,1794.0,593.9,1162.4,1086.4,2976.0,3028.9,3069.05,3024.8,59.00728418068918,buy,989639.0,870400.0840898243,1124978400.0,1237442990.0,1332742019.0,1270518664.0,51510.0,56917.5,60805.65,56153.6,1,2
23300.0,2021-03-10,21500.0,21788.0,21820.0,22276.0,-0.30367674510964554,-0.9527751227228864,55.789595102300375,49.22279792746114,-1733.0,-1155.9,-3429.55,-2343.0,-715.0,837.3,971.35,680.8,2958.0,3025.2,3061.9,2999.8,65.97506825414402,buy,969012.0,877023.6087860252,443480500.0,1179117924.0,1309695211.0,882313276.0,20627.0,53902.4,59725.85,39380.6,2,2
23160.0,2021-03-11,23300.0,22060.0,21914.0,22248.0,-0.08405052492951517,-0.9964614941175965,69.14470416182772,95.85492227979275,22210.0,2324.5,-2195.1,2160.2,-2816.0,-540.5,675.25,104.6,3014.0,3016.6,3057.55,2994.0,67.64980526056286,buy,1031754.0,887411.2727806768,1461888600.0,1250947128.0,1337568808.0,940516020.0,62742.0,56563.4,60751.8,41938.6,3,2
22720.0,2021-03-12,23160.0,22308.0,22001.0,22380.0,0.13979033953499959,-0.9901811253365161,75.77055462930227,89.02225556389098,2139.0,3250.5,-1964.2,2815.0,2133.0,336.3,626.6,245.6,3054.0,3020.7,3055.2,2999.6,67.60368763072069,buy,1001984.0,895099.4011249414,689473200.0,1194023560.0,1326821635.0,866424660.0,29770.0,53453.8,60129.15,38471.0,4,2
23080.0,2021-03-15,22720.0,22512.0,22016.0,22504.0,0.7266603220338181,-0.6869969260351226,76.52020471161693,78.01950487621906,-3989.0,3563.7,-2123.75,3120.0,-735.0,926.3,150.75,-67.8,3046.0,3024.0,3050.15,3009.6,61.24586760657281,buy,983322.0,901016.7876317463,424000640.0,1110552736.0,1239238706.0,828764268.0,18662.0,49233.4,56210.2,36662.2,0,3
23500.0,2021-03-16,23080.0,22646.0,22046.0,22752.0,0.8613126282321344,-0.5080753452469949,80.02072162072606,87.02175543885971,-2418.0,2707.7,-2146.1,3241.8,6220.0,951.9,483.9,817.4,3067.0,3026.3,3045.35,3027.8,63.8644851030478,buy,1020295.0,909013.9261967738,853336840.0,1022477310.0,1161381276.0,774435956.0,36973.0,44954.2,52697.45,33754.8,1,3
23700.0,2021-03-17,23500.0,22714.0,22051.0,23152.0,0.9527751227229366,-0.30367674510948817,85.85527477893999,97.52438109527381,1306.0,753.3,-2674.75,3849.6,-867.0,733.9,506.05,787.0,3048.0,3022.8,3041.05,3045.8,69.31142967420026,buy,1087435.0,920971.8255842555,1577790000.0,941805566.0,1131831666.0,1001297856.0,67140.0,41219.0,51420.3,43057.4,2,3
22700.0,2021-03-18,23700.0,22740.0,22076.0,23232.0,0.9964614941176104,-0.08405052492935061,89.16831402709337,95.7943925233645,-3474.0,436.5,-2105.2,-1287.2,2272.0,954.6,614.3,1804.6,3066.0,3025.1,3040.0,3056.2,69.98124777810918,buy,1127983.0,934840.9429134104,960987600.0,920816838.0,1124775246.0,901117656.0,40548.0,40278.6,51072.45,38618.6,3,3
22780.0,2021-03-19,22700.0,22760.0,22089.0,23140.0,0.990181125336493,0.13979033953516312,79.75459345733337,60.9271523178808,-20959.0,-1545.9,-2523.25,-5906.8,-3495.0,462.3,288.5,679.0,3040.0,3026.5,3036.6,3053.4,62.74796429571878,buy,1073401.0,944120.9791058509,1239011400.0,938724978.0,1144573398.0,1011025296.0,54582.0,41026.0,51923.1,43581.0,4,3
22480.0,2021-03-22,22780.0,22828.0,22160.0,23152.0,0.6869969260350026,0.7266603220339315,71.47573990050415,54.91803278688525,-1060.0,-1100.5,-1957.7,-5321.0,3662.0,745.3,656.0,1558.4,3035.0,3030.4,3034.35,3051.2,61.51966770674593,buy,1101323.0,954646.3141284082,636063160.0,941101034.0,1105096100.0,1053437800.0,27922.0,41047.6,49982.1,45433.0,0,4
23380.0,2021-03-23,22480.0,22892.0,22276.0,23032.0,0.5080753452468527,0.8613126282322183,61.85814354021661,42.62295081967213,4316.0,-366.2,-391.65,-3974.2,-2432.0,322.7,458.3,-172.0,3005.0,3033.3,3031.1,3038.8,50.97869046091606,buy,1070832.0,962423.1973023445,685437680.0,897146962.0,1067294976.0,1019857968.0,30491.0,38945.7,47931.6,44136.6,1,4
23940.0,2021-03-24,23380.0,23080.0,22434.0,23008.0,0.30367674510933085,0.9527751227229868,67.74149460058572,79.50819672131148,14128.0,1219.9,32.0,-1409.8,-3173.0,76.9,457.1,-633.2,2996.0,3037.1,3031.15,3028.4,58.846304351468234,buy,1108742.0,972214.4123419733,886335800.0,941432492.0,1060275208.0,881567128.0,37910.0,40674.0,47288.2,38290.6,2,4
24220.0,2021-03-25,23940.0,23144.0,22602.0,23056.0,0.08405052492918606,0.9964614941176243,77.71307973372852,97.65625,16325.0,631.4,1477.95,2550.0,979.0,456.4,-42.05,-891.8,3008.0,3036.5,3026.55,3016.8,67.3791725812732,buy,1176305.0,985868.1238521071,1617458220.0,956989454.0,1103968291.0,1012861252.0,67563.0,41156.1,48859.75,43693.6,3,4
23740.0,2021-03-26,24220.0,23250.0,22779.0,23360.0,-0.13979033953532663,0.99018112533647,81.50957452334158,89.1025641025641,7093.0,1126.8,2188.65,8160.4,-7918.0,-548.7,-106.2,-1776.4,3041.0,3035.2,3027.95,3017.0,74.84316330588791,buy,1226184.0,1001941.5617484315,1208069380.0,1008849072.0,1101436316.0,1006672848.0,49879.0,43167.0,48310.4,42753.0,4,4
23620.0,2021-03-29,23740.0,23352.0,22932.0,23552.0,-0.7266603220340451,0.6869969260348826,78.91236592154343,73.71794871794873,-7076.0,818.1,2190.9,6957.2,-743.0,-549.5,188.4,-2657.4,3036.0,3034.2,3029.1,3017.2,65.44116091399975,buy,1195255.0,1014868.4415315429,734254460.0,1039874454.0,1075213595.0,1026311108.0,30929.0,44393.7,46813.55,43354.4,0,5
23000.0,2021-03-30,23620.0,23406.0,23026.0,23780.0,-0.8613126282323021,0.5080753452467104,75.76841710786833,69.48051948051948,-3524.0,707.5,1707.6,5389.2,3981.0,-773.4,89.25,-1374.8,3070.0,3034.5,3030.4,3030.2,63.993221531898726,buy,1164903.0,1024899.2202280931,716914240.0,1026232194.0,1024354752.0,1032606420.0,30352.0,43731.6,44342.9,43326.6,1,5
23700.0,2021-03-31,23000.0,23356.0,23035.0,23704.0,-0.9527751227227608,0.30367674511004006,63.54104287732564,39.08629441624365,-5869.0,-10.0,371.65,1389.8,-3317.0,-1018.4,-142.25,-1403.6,3061.0,3035.8,3029.3,3043.2,55.993896670454085,buy,1124889.0,1031582.9139464754,920322000.0,960485394.0,951145480.0,1039403660.0,40014.0,41019.0,41119.0,43747.4,2,5
23580.0,2021-04-01,23700.0,23356.0,23048.0,23656.0,-0.9964614941176382,0.0840505249290215,64.50048439641577,66.41936743459587,8440.0,1181.4,808.95,-187.2,-3410.0,-1586.6,-316.0,-2281.4,3087.0,3037.9,3031.5,3059.0,62.37272183130617,buy,1156274.0,1039916.2602171019,743824500.0,938769084.0,929792961.0,864676916.0,31385.0,40102.7,40190.65,36511.8,3,1
23480.0,2021-04-02,23580.0,23444.0,23102.0,23528.0,-0.9901811253364469,-0.13979033953549014,63.578222189046116,61.733697774306904,-7100.0,2567.3,510.7,-3025.8,-4223.0,-1659.4,-598.55,-1542.4,3113.0,3045.2,3035.85,3073.4,60.84956148246911,buy,1124842.0,1045591.0736883542,741166560.0,888984600.0,913854789.0,771296352.0,31432.0,37787.7,39406.85,32822.4,4,1
23540.0,2021-04-05,23480.0,23514.0,23171.0,23476.0,-0.6869969260354235,-0.7266603220335336,61.661805811830504,57.82897305739946,6563.0,3329.6,1114.55,-298.0,-3862.0,-2411.8,-833.25,-2166.2,3121.0,3053.8,3042.1,3090.4,60.50607848272035,buy,1095015.0,1048893.1151555397,700337960.0,895412080.0,918256557.0,764513052.0,29827.0,37978.2,39512.9,32602.0,0,1
24300.0,2021-04-06,23540.0,23620.0,23256.0,23460.0,-0.5080753452465682,-0.8613126282323861,61.1651398370683,60.17180788754393,-10181.0,1879.9,756.85,-1629.4,53.0,-2163.3,-920.3,-2951.8,3127.0,3066.0,3049.65,3101.8,51.66589941715903,buy,1127469.0,1054142.0606247575,763967160.0,903265028.0,900205995.0,773923636.0,32454.0,38174.5,38560.1,33022.4,1,1
24300.0,2021-04-07,24300.0,23712.0,23396.0,23720.0,-0.3036767451098827,-0.9527751227228108,70.7259984700592,89.84771573604061,16302.0,2097.3,1658.6,2804.8,196.0,-1826.4,-874.75,-2249.2,3137.0,3080.1,3058.6,3117.0,59.12886543542191,buy,1185385.0,1062908.0392034268,1407358800.0,955367328.0,948399910.0,871330996.0,57916.0,40175.1,40424.55,36602.8,2,1
24300.0,2021-04-08,24300.0,23748.0,23446.0,23840.0,-0.08405052492885695,-0.9964614941176521,80.13112167276483,98.9413680781759,16302.0,2095.0,1363.2,4377.2,196.0,-1904.7,-724.15,-1528.0,3143.0,3093.6,3065.05,3128.2,59.609553866060025,buy,1185385.0,1071087.4953601675,0.0,793621506.0,875305480.0,722566096.0,0.0,33418.8,37287.45,30325.8,3,2
24300.0,2021-04-09,24300.0,23756.0,23503.0,23984.0,0.13979033953565367,-0.9901811253364238,86.40120380790191,98.9413680781759,16302.0,3015.9,2071.35,9057.6,196.0,-1093.3,-821.0,-644.2,3132.0,3102.7,3068.95,3132.0,63.00940738133508,buy,1185385.0,1078719.8050270274,0.0,672814568.0,840831820.0,574332784.0,0.0,28430.9,35798.95,24039.4,4,2
28300.0,2021-04-12,24300.0,23812.0,23582.0,24148.0,0.726660322033647,-0.6869969260353035,90.58125856465993,98.9413680781759,16302.0,5353.7,3085.9,11005.4,196.0,-999.4,-774.45,167.4,3136.0,3112.7,3073.45,3135.0,60.55640392953971,buy,1185385.0,1085841.6835714949,0.0,599389122.0,819631788.0,434265192.0,0.0,25338.0,34865.85,18074.0,0,2
25900.0,2021-04-13,28300.0,24280.0,23843.0,25100.0,0.86131262823247,-0.508075345246426,91.31646745840717,92.78688524590164,108911.0,16597.2,8652.35,34823.8,35973.0,2199.8,713.2,7351.4,3169.0,3122.6,3078.55,3143.4,56.94338429905492,buy,3129043.0,1222249.341922127,55005521400.0,6028249838.0,3527241016.0,11282576040.0,1943658.0,216668.6,130200.1,400314.8,1,2
25750.0,2021-04-14,25900.0,24570.0,23963.0,25420.0,0.952775122722861,-0.30367674510972537,89.1836559012332,84.91803278688525,-226197.0,-5435.6,-2722.8,-13676.0,51653.0,7696.8,3339.2,17642.8,3182.0,3134.7,3085.25,3152.4,93.3470275511304,buy,1724812.0,1255798.1060071236,36369582900.0,9573175928.0,5266830661.0,18275020860.0,1404231.0,353090.3,197054.65,669577.8,2,2
26450.0,2021-04-15,25750.0,24775.0,24065.5,25710.0,0.9964614941175896,-0.08405052492959866,87.59784710355437,84.42622950819673,-58831.0,-12162.7,-5490.65,-28702.6,-45392.0,3498.6,956.0,8525.2,3194.0,3145.4,3091.65,3162.6,58.724121868644495,buy,1150503.0,1248769.714144139,14788456750.0,10977639153.0,5958204118.5,21232712210.0,574309.0,407382.7,223742.7,784439.6,3,3
26250.0,2021-04-16,26450.0,25062.0,24253.0,26140.0,0.9901811253364008,0.13979033953581718,87.30566856083954,86.72131147540983,4281.0,-11024.6,-4228.65,-31106.8,-14724.0,2448.5,394.55,5541.2,3199.0,3154.0,3099.6,3176.0,51.43765423758796,buy,2187330.0,1311412.9232596185,27424074150.0,13645929912.0,7267457256.0,26717527040.0,1036827.0,507922.2,272854.95,991805.0,4,3
26650.0,2021-04-19,26250.0,25339.0,24426.5,26530.0,0.6869969260351835,0.7266603220337605,86.89230363072362,86.0655737704918,-35355.0,-15216.4,-5943.4,-41438.2,-45335.0,-1698.8,-2055.3,-3565.0,3199.0,3161.8,3107.8,3188.6,61.30355578526739,buy,1692133.0,1336821.7169292392,12998921250.0,14875788241.0,7885600160.5,29317311290.0,495197.0,554459.2,296218.7,1090844.4,0,3
26450.0,2021-04-20,26650.0,25650.0,24635.0,26200.0,0.5080753452470671,0.8613126282320918,87.05388548059172,87.37704918032787,24883.0,-11710.0,-4915.05,-58243.8,-1991.0,-1903.2,-2033.25,-11157.8,3221.0,3171.2,3118.6,3199.0,55.76645898775069,buy,2095162.0,1387428.773223693,10740722850.0,15873463810.0,8388364419.0,20464351580.0,403029.0,591516.7,314845.6,782718.6,1,3
27750.0,2021-04-21,26450.0,25865.0,24788.5,26310.0,0.303676745109568,0.9527751227229112,86.94302747886441,86.72131147540983,-14516.0,-14791.8,-6347.25,-15907.6,-22191.0,-4141.9,-2984.15,-25926.6,3172.0,3174.7,3127.4,3197.0,52.27797348621551,buy,1749350.0,1411579.5874573,9146727400.0,16647400670.0,8801383999.0,15019780480.0,345812.0,620306.3,330240.7,571034.8,2,3
27800.0,2021-04-22,27750.0,26210.0,24979.0,26710.0,0.08405052492943411,0.9964614941176034,87.89729340014908,89.80582524271846,-4732.0,-16895.2,-7400.1,-5087.8,-20505.0,-6212.0,-4058.35,-20949.2,3178.0,3178.2,3135.9,3193.8,49.21943968029838,sell,3584636.0,1556577.3983086413,50929186500.0,21740319320.0,11266970413.0,22247926430.0,1835286.0,803834.9,418626.85,823230.2,3,4
29550.0,2021-04-23,27800.0,26560.0,25158.0,26980.0,-0.13979033953598072,0.9901811253363777,88.58740811358375,89.96763754045307,-5667.0,-19092.1,-8038.1,-7077.4,23331.0,-3898.5,-2495.9,-13338.2,3186.0,3183.6,3143.15,3191.2,61.39993239687443,buy,3863448.0,1710494.9766538236,7750973600.0,22515416680.0,11594115624.0,18313306320.0,278812.0,831716.1,430073.5,671627.2,4,4
29150.0,2021-04-26,29550.0,27085.0,25448.5,27640.0,-0.726660322033874,0.6869969260350635,90.93529472944418,95.63106796116504,47805.0,-15941.8,-5294.05,9554.6,-6949.0,-4613.0,-2806.2,-5661.0,3218.0,3191.8,3152.25,3195.0,59.190701885294345,buy,4300048.0,1883264.062944391,12901530000.0,23805569680.0,12202479401.0,18293828070.0,436600.0,875376.1,450357.05,659907.8,0,4
26600.0,2021-04-27,29150.0,27170.0,25725.0,28140.0,-0.8613126282321757,0.5080753452469249,92.06905301272546,94.33656957928802,15254.0,-25307.5,-4355.15,7628.8,18163.0,-6394.0,-2097.1,-1630.2,3215.0,3196.4,3159.5,3193.8,61.11731373233424,buy,4037375.0,2026974.1063164796,7656917950.0,19070709335.0,12549479586.5,17677067090.0,262673.0,707277.6,461973.1,631836.6,1,4
27550.0,2021-04-28,26600.0,27240.0,25905.0,28170.0,-0.9527751227229613,0.3036767451094107,90.07408280675764,86.08414239482201,-128767.0,-15564.5,-10500.05,-15221.4,-64296.0,-17988.9,-5146.05,-10051.2,3181.0,3196.3,3165.5,3195.6,59.22418023233231,buy,3432811.0,2120759.087716365,16081402400.0,17041891285.0,13307533606.5,19064002090.0,604564.0,627310.9,490200.6,683587.0,2,4
27800.0,2021-04-29,27550.0,27420.0,26097.5,28130.0,-0.9964614941176173,0.08405052492926955,89.76891388843175,89.15857605177993,119431.0,2261.7,-4950.5,9611.2,-25093.0,-15959.0,-6230.2,-10968.8,3174.0,3194.3,3169.85,3194.8,61.79306910251175,buy,3757799.0,2229963.029357735,8953419400.0,16458387550.0,13718013351.5,10668848670.0,324988.0,602378.8,504880.75,381527.4,3,5
28150.0,2021-04-30,27800.0,27555.0,26308.5,28130.0,-0.9901811253364817,-0.13979033953524367,78.41737116371641,55.714285714285715,66889.0,8522.5,-1251.05,24122.4,-9842.0,-15470.8,-6511.15,-17603.4,3148.0,3189.2,3171.6,3187.2,59.768917444696385,buy,4047865.0,2351226.9152566795,8063834800.0,14522363615.0,14084146763.5,10731420910.0,290066.0,527702.7,517812.45,383778.2,4,5
28400.0,2021-05-03,28150.0,27745.0,26542.0,27850.0,-0.6869969260349436,-0.7266603220339874,71.1758852377532,56.69291338582677,72268.0,19284.8,2034.2,29015.0,18200.0,-9117.3,-5408.05,-12573.6,3127.0,3182.0,3171.9,3169.0,48.10283791510379,sell,4414318.0,2488840.909299446,10315651950.0,14254036685.0,14564912463.0,10214245300.0,366453.0,514828.3,534643.75,369748.8,0,1
28400.0,2021-05-04,28400.0,27920.0,26785.0,27700.0,-0.5080753452467826,-0.8613126282322596,67.66056391178297,60.629921259842526,23940.0,19190.5,3740.25,30752.2,28860.0,-6032.2,-3967.7,-10434.2,3147.0,3174.6,3172.9,3155.4,59.86004857555048,buy,4691678.0,2635771.044006466,7877024000.0,13967666800.0,14920565305.0,10258266510.0,277360.0,502261.4,546889.05,372686.2,1,1
26850.0,2021-05-05,28400.0,28115.0,26990.0,28060.0,-0.3036767451101199,-0.9527751227227352,63.55942356023627,55.35714285714286,23940.0,23036.1,4122.15,61293.6,28860.0,-927.1,-2534.5,8197.0,3147.0,3172.1,3173.4,3148.6,61.96217038420974,buy,4691678.0,2772896.251735822,7877024000.0,13840696460.0,15244048565.0,8617390830.0,277360.0,495416.2,557861.25,307245.4,2,1
26000.0,2021-05-06,26850.0,28025.0,27117.5,27920.0,-0.084050524929105,-0.9964614941176312,50.2345842602833,23.58490566037736,48782.0,28387.5,5746.15,47163.8,-97766.0,-8653.2,-7432.6,-6337.6,3179.0,3172.2,3175.2,3149.6,57.66798546554668,buy,3915897.0,2849129.8959252327,20829719850.0,10830749795.0,16285534557.5,10992650920.0,775781.0,389465.7,596650.3,397404.0,3,1
25850.0,2021-05-07,26000.0,27845.0,27202.5,27560.0,0.13979033953540718,-0.9901811253364586,34.15638950685553,2.0,-40791.0,24875.1,2891.5,25627.8,-68173.0,-17803.6,-10851.05,-18003.8,3197.0,3173.3,3178.45,3159.4,66.74502402744142,buy,3568233.0,2897089.828649837,9039264000.0,10959578835.0,16737497757.5,11187736760.0,347664.0,396350.9,614033.5,408923.6,4,1
25700.0,2021-05-10,25850.0,27475.0,27280.0,27100.0,0.7266603220334761,-0.6869969260354845,24.343253381928847,4.716981132075472,-42953.0,15799.3,-71.25,2583.6,-8521.0,-17960.8,-11286.9,-23348.0,3249.0,3176.4,3184.1,3183.8,67.3510058737399,buy,3045181.0,2906966.3647854426,13520894200.0,11021515255.0,17413542467.5,11828785210.0,523052.0,404996.1,640186.1,440243.4,0,2
25650.0,2021-05-11,25700.0,27130.0,27150.0,26560.0,0.8613126282323436,-0.5080753452466403,17.757887575720147,4.587155963302752,27116.0,16985.5,-4161.0,3218.8,-36722.0,-23449.3,-14921.65,-36464.4,3209.0,3175.8,3186.1,3196.2,73.14844289150355,buy,2696024.0,2892898.5001535807,8973334900.0,11153156950.0,15111933142.5,12048047390.0,349157.0,413644.5,560461.05,454602.8,1,2
24700.0,2021-05-12,25650.0,27035.0,27137.5,26010.0,0.9527751227227854,-0.3036767451099625,13.464607977309365,4.878048780487805,-22222.0,27640.0,6037.75,-6013.6,21327.0,-14887.0,-16437.95,-37971.0,3162.0,3173.9,3185.1,3199.2,58.45951503749122,buy,2409692.0,2860673.9575941237,7344415800.0,10279458290.0,13660674787.5,11941525750.0,286332.0,381821.3,504566.1,456397.2,2,2
25200.0,2021-05-13,24700.0,26750.0,27085.0,25580.0,0.9964614941176451,-0.08405052492894044,10.296537331407563,3.9603960396039604,-57949.0,9902.0,6081.85,-27359.8,12398.0,-11137.9,-13548.45,-15938.2,3122.0,3168.7,3181.5,3187.8,58.578396040159376,buy,2209143.0,2817224.999717407,4953560300.0,9879472380.0,13168929965.0,8766293840.0,200549.0,369377.4,485878.1,341350.8,3,2
25600.0,2021-05-14,25200.0,26490.0,27022.5,25420.0,0.9901811253364355,0.13979033953557068,11.725469332049487,14.583333333333334,-19314.0,1281.7,4902.1,-23064.4,26222.0,-7531.5,-11501.15,2940.8,3153.0,3169.2,3179.2,3179.0,52.38712195688857,buy,2382317.0,2788222.684711621,4363984800.0,9509487380.0,12015925497.5,7831238000.0,173174.0,357688.2,442695.45,306452.8,4,2
25450.0,2021-05-17,25600.0,26235.0,26990.0,25370.0,0.6869969260353644,0.7266603220335895,16.056679929231493,24.719101123595504,-7944.0,-6739.5,6272.65,-16062.6,-5094.0,-9860.9,-9489.1,3626.2,3135.0,3170.0,3176.0,3156.2,53.723253871741555,buy,2546381.0,2772095.5210861126,4200038400.0,8897926025.0,11575981355.0,5967066840.0,164064.0,337449.3,426138.8,234655.2,0,3
25450.0,2021-05-18,25450.0,25940.0,26930.0,25320.0,0.5080753452464981,0.8613126282324274,17.820558155068184,21.34831460674157,-72263.0,-16359.8,1415.35,-35938.4,35319.0,-9215.0,-7623.6,18034.4,3173.0,3172.6,3173.6,3149.0,45.2207770556213,sell,2383935.0,2746211.5848568473,4134250700.0,8523648695.0,11245657747.5,4999250000.0,162446.0,325957.9,414109.65,197313.0,1,3
25750.0,2021-05-19,25450.0,25645.0,26880.0,25280.0,0.3036767451098052,0.9527751227228356,18.996476972292644,21.34831460674157,-72263.0,-25980.1,-1472.0,-45946.6,35319.0,-8569.1,-4748.1,20832.8,3173.0,3175.2,3173.65,3151.2,47.133874041647566,sell,2383935.0,2722054.091139184,4134250700.0,8149371365.0,10995033912.5,4357216980.0,162446.0,314466.5,404941.35,172535.8,2,3
25300.0,2021-05-20,25750.0,25535.0,26780.0,25490.0,0.08405052492968217,0.9964614941175824,22.027613861678244,28.08988764044944,14703.0,-29388.0,-500.25,-31416.2,4714.0,1678.9,-3487.15,19296.0,3162.0,3173.5,3172.85,3159.2,52.66795648586759,buy,2549349.0,2710537.872758604,4259410500.0,6492340430.0,8661545112.5,4218387020.0,165414.0,253429.8,321447.75,165508.8,3,3
25200.0,2021-05-21,25300.0,25465.0,26655.0,25510.0,-0.13979033953573422,0.9901811253364124,20.677585271081377,17.97752808988764,-3586.0,-25667.5,-396.2,-28270.6,13481.0,9844.3,-3979.65,16747.8,3156.0,3169.4,3171.35,3159.8,49.84246678593345,sell,2428263.0,2691715.66466926,3063475800.0,5894761610.0,8427170222.5,3958285220.0,121086.0,230772.0,313561.45,155091.2,4,3
25500.0,2021-05-24,25200.0,25400.0,26437.5,25430.0,-0.726660322033703,0.6869969260352444,19.02850254027148,15.730337078651685,-3427.0,-21714.9,-2957.8,-27367.2,-6736.0,10022.8,-3969.0,16419.4,3144.0,3158.9,3167.65,3161.6,52.28708833908623,buy,2345118.0,2668604.7035038145,2095254000.0,4752197590.0,7886856422.5,3537328340.0,83145.0,186781.3,295888.7,138907.4,0,4
25750.0,2021-05-25,25500.0,25380.0,26255.0,25440.0,-0.8613126282320492,0.5080753452471393,21.232676907189532,25.64102564102564,-4180.0,-24844.5,-3929.5,-13750.6,30879.0,16782.9,-3333.2,15531.4,3171.0,3155.1,3165.45,3161.2,46.9907724626905,sell,2500975.0,2657427.38114543,3974353500.0,4252299450.0,7702728200.0,3505348900.0,155857.0,167451.3,290547.9,137589.6,1,4
25450.0,2021-05-26,25750.0,25390.0,26212.5,25500.0,-0.9527751227228858,0.30367674510964787,31.516229049237467,52.083333333333336,22990.0,-20323.3,3658.35,5300.0,-9231.0,13727.1,-579.95,6621.4,3168.0,3155.7,3164.8,3160.2,34.852874890535034,sell,2621016.0,2654999.5484936964,3091055750.0,3826963445.0,7053210867.5,3296709910.0,120041.0,150822.2,266321.75,129108.6,2,4
26400.0,2021-05-27,25450.0,25465.0,26107.5,25440.0,-0.9964614941175963,0.08405052492951762,37.25013560547455,48.717948717948715,-13446.0,-15873.0,-2985.5,-329.8,1366.0,12623.9,743.0,5951.8,3166.0,3160.1,3164.4,3161.0,37.94499445331396,sell,2448473.0,2641228.95605404,4391219350.0,3770729350.0,6825100865.0,3323071680.0,172543.0,148021.6,258699.5,130534.4,3,4
25500.0,2021-05-28,26400.0,25585.0,26037.5,25660.0,-0.9901811253363894,-0.13979033953589773,53.62130252486182,86.36363636363636,28689.0,-11072.7,-4895.5,6125.2,9213.0,10923.0,1695.75,5098.2,3189.0,3163.7,3166.45,3167.6,28.3331256585098,sell,2746925.0,2648276.3887492875,7879132800.0,4122244150.0,6815865765.0,4286203080.0,298452.0,160549.4,259118.8,166007.6,4,4
25650.0,2021-05-31,25500.0,25575.0,25905.0,25720.0,-0.6869969260351244,-0.7266603220338165,50.899050168089694,45.45454545454545,-102113.0,-20489.6,-13614.55,-13612.0,-12453.0,10187.1,163.1,3954.8,3204.0,3170.6,3170.3,3179.6,42.39767426704778,sell,2521812.0,2639844.2795454976,5740381500.0,4276278460.0,6587102242.5,5015228580.0,225113.0,166654.3,252051.8,194401.2,0,5
25300.0,2021-06-01,25650.0,25595.0,25767.5,25750.0,-0.508075345246997,-0.8613126282321332,51.35694253630222,52.27272727272727,8684.0,-12394.9,-14377.35,-11039.2,-7892.0,5866.0,-1674.5,-3799.4,3222.0,3175.5,3174.05,3189.8,43.600743376838906,sell,2612228.0,2638002.9598680744,2319170400.0,4094770430.0,6309209562.5,4684191960.0,90416.0,159451.3,242704.6,181313.0,1,1
25500.0,2021-06-02,25300.0,25580.0,25612.5,25660.0,-0.3036767451094905,-0.9527751227229359,46.359173812080265,36.36363636363637,-13226.0,-6491.2,-16235.65,-18282.4,-27527.0,-418.6,-4493.85,-7458.6,3224.0,3180.6,3177.9,3201.0,45.80598354212218,sell,2448752.0,2625384.730160037,4135942800.0,4094939640.0,6122155502.5,4893169370.0,163476.0,159554.3,237010.4,190000.0,2,1
24800.0,2021-06-03,25500.0,25555.0,25545.0,25670.0,-0.08405052492935305,-0.9964614941176102,43.186817629106145,36.84210526315789,11293.0,-6832.2,-18110.1,-13334.6,-695.0,-959.5,359.7,-7870.8,3247.0,3189.1,3181.3,3217.2,53.72750293474687,buy,2607548.0,2624195.4829519102,4049298000.0,4073928390.0,5283134410.0,4824785100.0,158796.0,158892.5,206161.15,187250.6,3,1
24700.0,2021-06-04,24800.0,25505.0,25485.0,25350.0,0.13979033953516068,-0.9901811253364934,32.667180744985494,11.627906976744185,-49781.0,-11451.7,-18559.6,-29028.6,-22610.0,-4568.6,2637.85,-14235.4,3240.0,3197.5,3183.45,3227.4,53.86307807725566,buy,2441757.0,2612031.65860817,4111616800.0,4178742490.0,5036752050.0,4071281900.0,165791.0,163363.0,197067.5,160718.4,4,1
25100.0,2021-06-07,24700.0,25455.0,25427.5,25190.0,0.7266603220339298,-0.6869969260350044,24.103701892005834,6.976744186046512,-43938.0,-15502.8,-18608.85,-17393.6,24284.0,-1466.6,4278.1,-6888.0,3252.0,3208.3,3183.6,3237.0,61.64782750387114,buy,2234112.0,2586834.5809381953,5128831500.0,4482100240.0,4617148915.0,3948971900.0,207645.0,175813.0,181297.15,157224.8,0,1
24800.0,2021-06-08,25100.0,25415.0,25397.5,25080.0,0.861312628232217,-0.5080753452468548,25.160043685579648,27.27272727272727,-17206.0,-16805.4,-20824.95,-22571.6,37071.0,-847.4,7967.75,2104.6,3248.0,3216.0,3185.55,3242.2,62.372716312317806,buy,2397923.0,2574239.3400836717,4111656100.0,4495830500.0,4374064975.0,4307469040.0,163811.0,176608.4,172029.85,171903.8,1,2
24850.0,2021-06-09,24800.0,25320.0,25355.0,24980.0,0.9527751227227098,-0.3036767451101997,21.318817002507643,13.636363636363635,-66808.0,-25785.2,-23054.25,-33288.0,32692.0,3344.9,8536.0,14148.4,3216.0,3220.8,3188.25,3240.6,54.74330577166909,buy,2247969.0,2552486.1537687355,3718859200.0,4558610845.0,4192787145.0,4224052320.0,149954.0,179599.7,165210.95,169199.4,2,2
24950.0,2021-06-10,24850.0,25260.0,25362.5,24850.0,0.9964614941176241,-0.0840505249291885,19.515574971368732,15.909090909090908,-106453.0,-35085.9,-25479.45,-56837.2,128012.0,16009.5,14316.7,39889.8,3225.0,3226.7,3193.4,3236.2,54.08773919050801,buy,2686755.0,2561438.1131860586,10903832100.0,5209872120.0,4490300735.0,5594959140.0,438786.0,206224.0,177122.8,225197.4,3,2
25000.0,2021-06-11,24950.0,25115.0,25350.0,24880.0,0.9901811253364703,0.13979033953532422,19.82856513242764,20.454545454545457,-15694.0,-39524.2,-25298.45,-50019.8,3888.0,15477.0,13200.0,45189.4,3249.0,3232.7,3198.2,3238.0,63.766822796372146,buy,2812001.0,2578143.530066177,3124887700.0,4734447610.0,4428345880.0,5397613320.0,125246.0,188903.4,174726.4,217088.4,4,2
25000.0,2021-06-14,25000.0,25065.0,25320.0,24940.0,0.6869969260348844,0.7266603220340433,20.794800997376004,22.727272727272727,-12327.0,-30545.6,-25517.6,-43697.6,-3552.0,16367.1,13277.1,39622.2,3252.0,3237.5,3204.05,3238.0,58.31532038853749,buy,2907436.0,2600097.863264612,2385875000.0,4398996960.0,4337637710.0,4849022020.0,95435.0,175935.6,171294.95,194646.4,0,2
24750.0,2021-06-15,25000.0,25000.0,25297.5,24920.0,0.5080753452467125,0.8613126282323009,21.43895824067491,22.727272727272727,-10724.0,-32486.4,-22440.65,-42401.2,-10343.0,16122.0,10994.0,30139.4,3259.0,3241.2,3208.35,3240.2,58.96942526083739,buy,2907436.0,2620588.3806631654,4399350000.0,4607014920.0,4350892675.0,4906560800.0,175974.0,184491.4,171971.35,197079.0,1,3
25250.0,2021-06-16,24750.0,24945.0,25262.5,24910.0,0.3036767451100424,0.95277512272276,18.080517614995397,11.363636363636363,-11511.0,-32314.9,-19403.05,-31341.8,-5961.0,18278.6,8930.0,22408.8,3279.0,3246.7,3213.65,3252.8,58.955577942708736,buy,2753967.0,2629480.818534113,3798357750.0,4573256415.0,4334098027.5,4922460510.0,153469.0,183490.7,171522.5,197782.0,2,3
25300.0,2021-06-17,25250.0,24920.0,25237.5,24990.0,0.08405052492902394,0.996461494117638,24.553678409996934,37.5,46138.0,-28830.4,-17831.3,-823.6,-18098.0,16538.3,7789.4,-6813.2,3265.0,3248.5,3218.8,3260.8,49.57071290861691,sell,3083903.0,2659777.3156892387,8330884000.0,5001415015.0,4537671702.5,4407870890.0,329936.0,200604.7,179748.6,176012.0,3,3
24950.0,2021-06-18,25300.0,24970.0,25237.5,25060.0,-0.13979033953548772,0.9901811253364472,34.7599235376991,55.172413793103445,8514.0,-23000.9,-17226.3,4018.0,-9894.0,17809.9,6620.65,-9569.6,3268.0,3251.3,3224.4,3264.6,61.19251059511679,buy,3387943.0,2708324.2147594052,7692212000.0,5359474535.0,4769108512.5,5321335750.0,304040.0,214429.6,188896.3,211770.8,4,3
25450.0,2021-06-21,24950.0,24995.0,25225.0,25050.0,-0.7266603220335319,0.6869969260354253,33.518109944672965,31.03448275862069,15025.0,-17104.6,-16303.7,9488.4,-21859.0,13195.6,5864.5,-13231.0,3241.0,3250.2,3229.25,3262.4,56.22991834999177,buy,3271477.0,2745869.552855672,2905826700.0,5137174055.0,4809637147.5,5425326090.0,116466.0,205311.7,190562.35,215977.0,0,3
24950.0,2021-06-22,25450.0,25030.0,25222.5,25140.0,-0.8613126282323849,0.5080753452465703,44.1844870895521,65.51724137931035,32542.0,-12129.8,-14467.6,18141.6,2336.0,9722.1,4437.35,-10695.2,3264.0,3251.8,3233.9,3263.4,50.89443741786376,buy,3483036.0,2795016.20508741,5384176550.0,5264426100.0,4880128300.0,5622291400.0,211559.0,210086.5,193347.45,223094.0,1,4
24100.0,2021-06-23,24950.0,25045.0,25182.5,25180.0,-0.9527751227228102,0.303676745109885,42.499802987237636,39.130434782608695,-9634.0,-6412.4,-16098.8,18517.0,3297.0,6782.6,5063.75,-8843.6,3276.0,3257.8,3239.3,3262.8,58.00959012939728,buy,3319266.0,2829967.6665599686,4086061500.0,5301146330.0,4929878587.5,5679832150.0,163770.0,211468.1,195533.9,225154.2,2,4
24000.0,2021-06-24,24100.0,24970.0,25115.0,24950.0,-0.9964614941175755,0.08405052492976567,29.374868658158423,3.125,-95113.0,-5278.4,-20182.15,-9733.2,-16922.0,-7710.8,4149.35,-8608.4,3286.0,3263.9,3245.3,3267.0,51.756940725060474,buy,3049183.0,2844582.597831534,6509000300.0,4861663150.0,5035767635.0,5315455410.0,270083.0,194597.8,200410.9,213183.6,3,4
23450.0,2021-06-25,24000.0,24875.0,24995.0,24690.0,-0.9901811253364242,-0.13979033953565123,24.71145090031074,15.384615384615385,-78728.0,-11581.8,-25553.0,-27181.6,-23153.0,-10414.9,2531.05,-11260.2,3303.0,3269.3,3251.0,3274.0,52.76766517881643,buy,2834887.0,2843936.200877523,5143104000.0,5063484780.0,4898966195.0,4805633810.0,214296.0,203502.8,196203.1,195234.8,4,4
23700.0,2021-06-28,23450.0,24720.0,24892.5,24390.0,-0.6869969260353053,-0.7266603220336454,18.601960174675245,6.382978723404255,-85302.0,-18879.3,-24712.45,-47247.0,-2564.0,-10316.1,3025.5,-7401.2,3302.0,3274.3,3255.9,3286.2,51.955327180411565,buy,2605420.0,2828034.5751601206,5381001150.0,5362997395.0,4880997177.5,5300668700.0,229467.0,216906.0,196420.8,217835.0,0,4
23800.0,2021-06-29,23700.0,24590.0,24795.0,24040.0,-0.5080753452472114,-0.8613126282320066,19.734640116450162,22.0,-12561.0,-19063.0,-25774.7,-56267.6,-32016.0,-12483.4,1819.3,-14271.6,3287.0,3277.1,3259.15,3290.8,58.431761719852574,buy,2992591.0,2839005.354844129,9175952700.0,5840657665.0,5223836292.5,6059023930.0,387171.0,238025.7,211258.55,252957.4,1,5
24250.0,2021-06-30,23800.0,24495.0,24720.0,23810.0,-0.3036767451097277,-0.9527751227228602,21.823093410966777,26.0,-1991.0,-18111.0,-25212.95,-54739.0,-12776.0,-13164.9,2556.85,-17486.2,3297.0,3278.9,3262.8,3295.0,57.316388451919465,buy,3189075.0,2862344.02882476,4676319200.0,5928453810.0,5250855112.5,6177075470.0,196484.0,242327.2,212908.95,259500.2,2,5
24350.0,2021-07-01,24250.0,24395.0,24657.5,23840.0,-0.0840505249296011,-0.9964614941175893,32.06285323442983,52.54237288135594,60521.0,-16672.7,-22751.55,-23612.2,-39407.0,-15295.8,621.25,-21983.2,3282.0,3280.6,3264.55,3294.2,56.022781288336404,buy,3420855.0,2899579.1323953024,5620665000.0,5657431910.0,5329423462.5,5999408410.0,231780.0,232511.6,216558.15,251839.6,3,1
24600.0,2021-07-02,24350.0,24300.0,24635.0,23910.0,0.13979033953581477,-0.9901811253364011,40.019303286230056,55.932203389830505,3046.0,-17219.5,-20110.2,-7257.4,-11908.0,-15497.2,1156.35,-19734.2,3282.0,3282.0,3266.65,3290.0,61.17324281022454,buy,3574422.0,2944569.8284218186,3739356450.0,5262146355.0,5310810445.0,5718658900.0,153567.0,217464.3,215946.95,239693.8,4,1
24950.0,2021-07-05,24600.0,24265.0,24630.0,24140.0,0.7266603220337589,-0.6869969260351854,48.148462077825684,64.40677966101694,-5668.0,-19288.8,-18196.7,8669.4,24474.0,-10863.9,1165.85,-14326.6,3293.0,3287.2,3268.7,3288.2,55.661105169832524,buy,3720879.0,2996325.0310111395,3602842200.0,5331847905.0,5234510980.0,5363027110.0,146457.0,220463.4,212887.55,223091.8,0,1
24200.0,2021-07-06,24950.0,24215.0,24622.5,24390.0,0.8613126282320905,-0.5080753452470692,57.52270353210978,76.27118644067797,19328.0,-20610.2,-16370.0,15047.2,-7421.0,-11839.6,-1058.75,-9407.6,3305.0,3291.3,3271.55,3291.8,55.83128014287979,buy,3894938.0,3056233.9211900556,4342772050.0,5227707455.0,5246066777.5,4396390980.0,174059.0,216713.4,213399.95,180469.4,1,1
23650.0,2021-07-07,24200.0,24140.0,24592.5,24470.0,0.9527751227229104,-0.3036767451095703,55.29762156377941,50.847457627118644,-36665.0,-23313.3,-14862.85,8112.4,-14766.0,-13645.9,-3431.65,-9805.6,3285.0,3292.2,3275.0,3289.4,53.28524138457065,buy,3772071.0,3103957.403454746,2973381400.0,5116439445.0,5208792887.5,4055803420.0,122867.0,212623.1,212045.6,165746.0,2,1
23050.0,2021-07-08,23650.0,24095.0,24532.5,24350.0,0.9964614941176032,-0.08405052492943656,47.599544319355765,32.20338983050847,-34797.0,-17281.7,-11280.05,-10951.2,-15594.0,-13513.1,-10611.95,-5043.0,3253.0,3288.9,3276.4,3283.6,57.189150017442145,buy,3616382.0,3138119.7182515473,3682044850.0,4833743900.0,4847703525.0,3668079390.0,155689.0,201183.7,197890.75,150527.8,3,2
23550.0,2021-07-09,23050.0,24000.0,24437.5,24090.0,0.9901811253365052,0.13979033953507772,36.17747399068162,13.333333333333334,-79207.0,-17329.6,-14455.7,-27401.8,-18423.0,-13040.1,-11727.5,-6346.0,3218.0,3280.4,3274.85,3270.8,62.24184953709575,buy,3344977.0,3151910.4580318416,6255885250.0,4945022025.0,5004253402.5,4171385150.0,271405.0,206894.6,205198.7,174095.4,4,2
23600.0,2021-07-12,23550.0,24010.0,24365.0,23880.0,0.6869969260350652,0.7266603220338723,34.46314357999464,31.03448275862069,9936.0,-7805.8,-13342.55,-24281.0,-986.0,-12882.3,-11599.2,-11438.0,3246.0,3274.8,3274.55,3261.4,62.77327687248015,buy,3552976.0,3178648.6210640906,4898376450.0,4896759555.0,5129878475.0,4430492000.0,207999.0,204747.8,210826.9,186403.8,0,2
23450.0,2021-07-13,23600.0,24000.0,24295.0,23610.0,0.508075345246927,0.8613126282321745,35.642095719996426,38.0,-9350.0,-7484.7,-13273.85,-30016.6,-7958.0,-10476.5,-11479.95,-11545.4,3271.0,3273.2,3275.15,3254.6,62.05469449703845,buy,3651861.0,3210196.6198158707,2333686000.0,4212532885.0,5026595275.0,4028674790.0,98885.0,175919.2,206972.45,171369.0,1,2
23900.0,2021-07-14,23450.0,23965.0,24230.0,23460.0,0.30367674511027953,0.9527751227226844,35.108914877160736,34.04255319148936,9638.0,-6321.8,-12216.4,-20756.0,-20121.0,-11211.0,-12187.95,-12616.4,3265.0,3270.0,3274.45,3250.6,55.64779527941741,buy,3536971.0,3231981.905146036,2694170500.0,4014318015.0,4971385912.5,3972832610.0,114890.0,167759.8,205043.5,169773.6,2,2
23650.0,2021-07-15,23900.0,23930.0,24162.5,23510.0,0.084050524929272,0.9964614941176171,41.136439705341196,53.191489361702125,-19411.0,-14315.0,-15493.85,-17678.8,-9108.0,-8181.1,-11738.45,-11319.2,3286.0,3270.4,3275.5,3257.2,62.50120942276522,buy,3828103.0,3271723.8676390736,6958054800.0,4148056995.0,4902744452.5,4628034600.0,291132.0,173695.0,203103.3,196862.2,3,3
24100.0,2021-07-16,23650.0,23860.0,24080.0,23630.0,-0.13979033953524123,0.9901811253364821,41.6086903000147,42.5531914893617,-12615.0,-15881.1,-16550.3,-4360.4,-18471.0,-8837.4,-12167.3,-11328.8,3277.0,3269.9,3275.95,3269.0,63.46557904208041,buy,3677691.0,3298788.696638315,3557243800.0,4129845730.0,4695996042.5,4088306310.0,150412.0,173379.5,195421.9,172663.6,4,3
24050.0,2021-07-19,24100.0,23810.0,24037.5,23740.0,-0.7266603220339858,0.6869969260349453,48.30650275320129,61.702127659574465,47492.0,-10565.1,-14926.95,3150.8,-4600.0,-11744.8,-11304.35,-12051.6,3244.0,3265.0,3276.1,3268.6,53.333901984367415,buy,3932576.0,3341041.698625994,6142728500.0,4383834360.0,4857841132.5,4337176720.0,254885.0,184222.3,202342.85,182040.8,0,3
25000.0,2021-07-20,24050.0,23720.0,23967.5,23830.0,-0.8613126282322584,0.5080753452467848,52.062491197169656,59.57446808510638,34111.0,-9086.8,-14848.5,11843.0,-1524.0,-11155.1,-11497.35,-10764.8,3233.0,3257.8,3274.55,3261.0,62.80871181607929,buy,3660658.0,3362349.6944945403,6539627900.0,4603519945.0,4915613700.0,5178365100.0,271918.0,194008.2,205360.8,216647.4,1,3
24200.0,2021-07-21,25000.0,23800.0,23970.0,24140.0,-0.9527751227227346,0.3036767451101222,67.34721635366866,97.91666666666666,116270.0,6206.7,-8553.3,33169.4,15076.0,-8170.9,-10908.4,-3725.4,3216.0,3250.9,3271.55,3251.2,63.466123225922054,buy,4102312.0,3411681.0387368067,11041350000.0,5410316805.0,5263378125.0,6847801000.0,441654.0,225886.9,219255.0,282000.2,2,3
24600.0,2021-07-22,24200.0,23855.0,23975.0,24200.0,-0.996461494117631,0.08405052492910745,64.03394670491491,57.407407407407405,-119028.0,-2216.4,-9749.05,13246.0,23353.0,-4276.2,-8894.65,2766.8,3250.0,3250.6,3269.75,3244.0,73.2543007892695,buy,3769771.0,3435553.9394385335,8047492200.0,5846861540.0,5340302720.0,7065688480.0,332541.0,243572.1,222377.9,290282.0,3,4
24600.0,2021-07-23,24600.0,24010.0,24005.0,24390.0,-0.990181125336459,-0.13979033953540476,66.76337187735068,72.22222222222221,28064.0,8510.7,-4409.45,21381.8,1838.0,-2250.1,-7645.1,6828.6,3254.0,3254.2,3267.3,3239.4,68.47736601661778,buy,3900771.0,3466568.69705341,3222600000.0,5543533015.0,5244277520.0,6998759720.0,131000.0,229531.6,218213.1,286399.6,4,4
24300.0,2021-07-26,24600.0,24115.0,24062.5,24490.0,-0.6869969260348253,-0.7266603220340992,68.58298865897451,72.22222222222221,57337.0,13250.8,2722.5,23350.8,11165.0,-1035.0,-6958.65,9981.6,3225.0,3252.1,3263.45,3235.6,63.26782922978013,buy,3900771.0,3495515.767180697,5995290600.0,5653224430.0,5274991992.5,6969272140.0,243711.0,233102.8,218925.3,284164.8,0,4
24250.0,2021-07-27,24300.0,24185.0,24092.5,24540.0,-0.5080753452466424,-0.8613126282323422,66.09236280968672,61.111111111111114,-16881.0,12497.7,2506.5,13152.4,-9903.0,-1229.5,-5853.0,8305.8,3233.0,3248.3,3260.75,3235.6,69.03558869930484,buy,3749876.0,3512473.2526865266,3666748500.0,5786530680.0,4999531782.5,6394696260.0,150895.0,238303.8,207111.5,259960.2,1,4
24000.0,2021-07-28,24250.0,24265.0,24115.0,24390.0,-0.30367674510996484,-0.9527751227227846,63.8146616262109,59.25925925925925,18491.0,13383.0,3530.6,-6403.4,-16831.0,-900.5,-6055.75,1924.4,3237.0,3245.5,3257.75,3239.8,63.85355081111368,buy,3531657.0,3513752.1787931877,5291810750.0,6046294705.0,5030306360.0,5244788410.0,218219.0,248636.7,208198.25,215273.2,2,4
24450.0,2021-07-29,24000.0,24275.0,24102.5,24350.0,-0.08405052492984916,-0.9964614941175683,55.876441084140595,40.0,957.0,15419.8,552.4,17593.6,-16620.0,-1651.7,-4916.4,-6070.2,3243.0,3241.2,3255.8,3238.4,63.33997639527777,buy,3383045.0,3505038.3057038775,3566688000.0,5707158025.0,4927607510.0,4348627570.0,148612.0,234384.7,204039.85,178487.4,3,5
26400.0,2021-07-30,24450.0,24355.0,24107.5,24320.0,0.13979033953556827,-0.9901811253364359,56.29857977037944,57.14285714285714,47700.0,21451.3,2785.1,21520.8,-20897.0,-1894.3,-5365.85,-10617.2,3202.0,3233.7,3251.8,3228.0,64.50374058703828,buy,3588097.0,3510575.5882695974,5013521400.0,5852785785.0,4991315757.5,4706811850.0,205052.0,239848.7,206614.1,193297.8,4,5
26350.0,2021-08-02,26400.0,24585.0,24197.5,24680.0,0.7266603220342127,-0.6869969260347053,61.56339426552427,72.09302325581395,258453.0,42547.4,15991.15,61744.0,41682.0,2733.9,-4505.45,-4513.8,3223.0,3231.6,3248.3,3227.6,69.05887930367346,buy,4927637.0,3605046.926747412,35363856000.0,8774898535.0,6579366447.5,10580524930.0,1339540.0,348314.2,266268.25,412463.6,0,1
26350.0,2021-08-03,26350.0,24815.0,24267.5,25090.0,0.8613126282324262,-0.5080753452465002,64.57167460838873,70.58823529411765,29803.0,42116.6,16514.9,71080.8,-43307.0,-1444.4,-6299.75,-11194.6,3237.0,3232.0,3244.9,3228.4,78.6717164783254,buy,4551172.0,3668122.291625264,9919852750.0,9112921020.0,6858220482.5,11831145780.0,376465.0,358768.9,276388.55,457577.6,1,1
25800.0,2021-08-04,26350.0,24950.0,24375.0,25510.0,0.9527751227228348,-0.3036767451098075,66.57719483696503,70.58823529411765,6411.0,31130.7,18668.7,68664.8,-6644.0,-3616.4,-5893.65,-9157.2,3280.0,3238.4,3244.65,3237.0,69.99669466236558,buy,4551172.0,3726992.585778408,6806152300.0,8689401250.0,7049859027.5,12134014090.0,258298.0,340433.3,283160.1,465593.4,2,1
25450.0,2021-08-05,25800.0,25110.0,24482.5,25870.0,0.9964614941175823,-0.08405052492968461,63.6004828324865,57.647058823529406,-23294.0,40704.1,19243.85,63814.6,-15167.0,-7468.4,-5872.3,-8866.6,3276.0,3241.0,3245.8,3243.6,67.97175282761515,buy,4323334.0,3766748.877718274,5878220400.0,8472474070.0,7159667805.0,12596320570.0,227838.0,329963.0,286767.55,481438.6,3,1
25600.0,2021-08-06,25450.0,25195.0,24602.5,26070.0,0.9901811253364128,0.13979033953573178,58.87091012361845,49.411764705882355,-11555.0,36742.2,22626.45,51963.6,6666.0,-6985.6,-4617.85,-3354.0,3270.0,3242.6,3248.4,3257.2,62.522099199121726,buy,3838428.0,3771527.508044677,12340857700.0,9384299840.0,7463916427.5,14061787830.0,484906.0,365353.6,297442.6,537409.4,4,1
25300.0,2021-08-09,25600.0,25295.0,24705.0,25910.0,0.6869969260352462,0.7266603220337012,55.48658965506187,48.717948717948715,-9949.0,30013.6,21632.2,-1716.8,-26109.0,-10713.0,-5874.0,-16912.2,3260.0,3246.1,3249.1,3264.6,64.42625873168987,buy,4023654.0,3788336.01363847,4741785600.0,9258949340.0,7456086885.0,7937373750.0,185226.0,359505.1,296303.95,306546.6,0,2
24850.0,2021-08-10,25300.0,25395.0,24790.0,25700.0,0.5080753452471414,0.861312628232048,50.66627344525492,41.02564102564102,10718.0,32773.5,22635.6,-5533.8,2050.0,-9517.7,-5373.6,-7840.8,3243.0,3247.1,3247.7,3265.8,58.10834432936512,buy,3896960.0,3795577.642001483,3205358200.0,9212810310.0,7499670495.0,6594474840.0,126694.0,357085.0,297694.4,256592.4,1,2
23950.0,2021-08-11,24850.0,25455.0,24860.0,25400.0,0.3036767451096502,0.952775122722885,43.60657545922978,29.48717948717949,14474.0,32371.8,22877.4,-3921.2,-8238.0,-8658.4,-4779.45,-8159.6,3221.0,3245.5,3245.5,3254.0,60.83733782013707,buy,3721390.0,3790631.780541948,4362914500.0,9119920685.0,7583107695.0,6105827280.0,175570.0,352820.1,300728.4,240046.8,2,2
23450.0,2021-08-12,23950.0,25450.0,24862.5,25030.0,0.08405052492952005,0.9964614941175962,31.207802442905322,6.41025641025641,-41248.0,28151.3,21785.55,-7512.0,-767.0,-7073.1,-4362.4,-5279.6,3208.0,3242.0,3241.6,3240.4,64.29637665709807,buy,3538206.0,3773803.335915804,4387256800.0,9201977565.0,7454567795.0,5807634560.0,183184.0,356277.3,295331.0,231116.0,3,2
23450.0,2021-08-13,23450.0,25350.0,24852.5,24630.0,-0.13979033953499476,0.9901811253365168,22.699141022542943,5.681818181818182,-53483.0,18033.0,19742.15,-15897.6,18776.0,-3105.8,-2500.05,-2857.6,3171.0,3238.9,3236.3,3220.6,63.746378544174654,buy,3273231.0,3740431.7371798786,6213663750.0,9321991800.0,7587388792.5,4582195770.0,264975.0,362269.6,301059.15,187129.8,4,2
22450.0,2021-08-16,23450.0,25055.0,24820.0,24200.0,-0.7266603220338147,0.6869969260351262,17.02670007563469,5.681818181818182,-53483.0,-13160.6,14693.4,-24604.4,18776.0,-5396.4,-1331.25,6119.4,3171.0,3233.7,3232.65,3202.8,68.06361265309509,buy,3273231.0,3709284.925828931,6213663750.0,6406972575.0,7590935555.0,4876571400.0,264975.0,254813.1,301563.65,203079.6,0,3
23400.0,2021-08-17,22450.0,24665.0,24740.0,23630.0,-0.8613126282321318,0.5080753452469992,12.294529610171553,2.8301886792452833,-36666.0,-19807.5,11154.55,-34081.2,-19993.0,-3065.0,-2254.7,1710.8,3143.0,3224.3,3228.15,3182.8,68.34474986480737,buy,3053088.0,3665538.33886562,4942210350.0,5909208335.0,7511064677.5,5223941830.0,220143.0,239180.9,298974.9,221769.4,1,3
23100.0,2021-08-18,23400.0,24370.0,24660.0,23340.0,-0.952775122722659,0.3036767451103594,15.114592067158393,20.754716981132077,-10993.0,-21547.9,4791.4,-39174.6,27310.0,330.4,-1643.0,8820.4,3159.0,3212.2,3225.3,3170.4,67.47252195633487,buy,3314479.0,3642134.320405132,6116549400.0,5840248045.0,7264824647.5,5574668810.0,261391.0,239490.2,289961.75,238933.6,2,3
22350.0,2021-08-19,23100.0,24100.0,24605.0,23170.0,-0.9964614941176101,0.0840505249293555,15.107841252319432,15.09433962264151,10171.0,-18201.4,11251.35,-28890.8,4717.0,2318.8,-2574.8,9917.2,3098.0,3194.4,3217.7,3148.4,67.78991730315894,buy,3129436.0,3607954.3471370423,4274493300.0,5679875335.0,7076174702.5,5552116110.0,185043.0,235210.7,282586.85,239305.4,3,3
22850.0,2021-08-20,22350.0,23790.0,24492.5,22950.0,-0.9901811253364937,-0.13979033953515826,11.49033388452501,4.25531914893617,-39385.0,-20984.4,7878.9,-26071.2,26443.0,4296.5,-1344.55,11450.6,3061.0,3173.5,3208.05,3126.4,49.94343153481589,sell,2959049.0,3564693.889966888,3808149450.0,4826604510.0,7105452175.0,5071013250.0,170387.0,203758.8,284556.2,220387.8,4,3
22850.0,2021-08-23,22850.0,23515.0,24405.0,22830.0,-0.6869969260350062,-0.7266603220339282,13.024207264012842,16.091954022988507,-9782.0,-20967.7,4522.95,-17331.0,-6909.0,6216.5,-2248.25,6313.6,3090.0,3156.5,3201.3,3110.2,54.06177999889776,buy,3052061.0,3530518.289724143,2125324200.0,4564958370.0,6911953855.0,4253345340.0,93012.0,194537.4,277021.25,185995.2,0,4
23100.0,2021-08-24,22850.0,23270.0,24332.5,22910.0,-0.5080753452468569,-0.8613126282322158,14.046789517004731,16.091954022988507,-10542.0,-23093.7,4839.9,-12106.2,-9072.0,5104.3,-2206.7,8497.8,3138.0,3146.0,3196.55,3109.2,57.715046211403994,buy,3052061.0,3498621.0724002835,2473558200.0,4491778370.0,6852294340.0,3759614910.0,108252.0,192693.2,274889.1,163617.0,1,4
22700.0,2021-08-25,23100.0,23095.0,24275.0,22850.0,-0.30367674511020204,-0.9527751227227091,17.697859678003155,25.0,26954.0,-21845.7,5263.05,-4516.8,-49407.0,987.4,-3835.5,-6845.6,3147.0,3138.6,3192.05,3106.8,64.5464757095755,buy,3168217.0,3476594.0925553143,2683203600.0,4323807280.0,6721863982.5,3072945750.0,116156.0,186751.8,269785.95,134570.0,2,4
22750.0,2021-08-26,22700.0,22970.0,24210.0,22770.0,-0.08405052492919095,-0.996461494117624,16.82140416889708,15.068493150684931,5720.0,-17148.9,5501.2,-5407.0,-22525.0,-1188.4,-4130.75,-12294.0,3129.0,3130.7,3186.35,3113.0,58.33547137503024,buy,3063331.0,3449043.171055477,2380912200.0,4123172820.0,6662575192.5,2694229530.0,104886.0,178922.0,267599.65,118538.6,3,4
22850.0,2021-08-27,22750.0,22900.0,24125.0,22850.0,0.13979033953532177,-0.9901811253364706,17.096622387107857,17.647058823529413,1564.0,-11644.2,3194.4,2782.8,4714.0,-2594.6,-2850.2,-16639.8,3134.0,3127.0,3182.95,3127.6,60.884322333221604,buy,3143732.0,3428689.059430668,1829122750.0,3684718720.0,6503355260.0,2298424190.0,80401.0,160464.6,261367.1,100541.4,4,4
22550.0,2021-08-30,22850.0,22840.0,23947.5,22850.0,0.7266603220340416,-0.6869969260348862,19.307352777845917,23.728813559322035,-13583.0,-7654.2,-10407.4,2022.6,-8588.0,-5331.0,-5363.7,-16975.6,3144.0,3124.3,3179.0,3138.4,62.488118608542884,buy,3289940.0,3419439.1079030223,3340852800.0,3397437625.0,4902205100.0,2541529910.0,146208.0,148587.9,201700.5,111180.6,0,5
23150.0,2021-08-31,22550.0,22850.0,23757.5,22790.0,0.8613126282322997,-0.5080753452467146,17.999773646769075,15.384615384615385,-54532.0,-9440.8,-14624.15,-6775.4,11440.0,-2187.7,-2626.35,-12873.2,3199.0,3129.9,3177.1,3150.6,61.72361098440626,buy,3163716.0,3402390.8762272685,2846351200.0,3187851710.0,4548530022.5,2616088510.0,126224.0,139196.0,189188.45,114775.0,1,5
22750.0,2021-09-01,23150.0,22825.0,23597.5,22800.0,0.9527751227227592,-0.3036767451100447,32.20186929986625,60.60606060606061,68882.0,-1453.3,-11500.6,1610.2,-10594.0,-5978.1,-2823.85,-5110.6,3207.0,3134.7,3173.45,3162.6,54.71531205403456,buy,3314086.0,3396503.8765883255,3481065500.0,2924303320.0,4382275682.5,2775660890.0,150370.0,128093.9,183792.05,121617.8,2,1
22650.0,2021-09-02,22750.0,22790.0,23445.0,22810.0,0.9964614941175614,-0.08405052492993266,33.589124987789624,36.36363636363637,-3878.0,-2858.2,-10529.8,-309.4,-20662.0,-8516.0,-3098.6,-4738.0,3176.0,3142.5,3168.45,3172.0,52.01673032418885,buy,3221927.0,3384865.403589787,2096617250.0,2706515715.0,4193195525.0,2718801900.0,92159.0,118805.5,177008.1,119072.4,3,1
22850.0,2021-09-03,22650.0,22820.0,23305.0,22790.0,0.9901811253364476,0.1397903395354853,34.73842900420543,37.03703703703704,5033.0,1583.6,-9700.4,384.4,-8916.0,-12051.9,-3877.7,-7464.0,3201.0,3156.5,3165.0,3185.4,42.38644675022595,sell,3136233.0,3368289.8906641146,1940969100.0,2519797680.0,3673201095.0,2741171170.0,85694.0,110336.2,157047.5,120131.0,4,1
22350.0,2021-09-06,22850.0,22820.0,23167.5,22790.0,0.6869969260347661,0.7266603220341551,40.44290328675424,51.85185185185185,10625.0,3624.3,-8671.7,5226.0,-10982.0,-12459.2,-3121.35,-7942.8,3203.0,3167.8,3162.15,3197.2,45.66294263443755,sell,3194502.0,3356704.018661045,1331446650.0,2440409925.0,3502684147.5,2339289940.0,58269.0,106861.9,150699.65,102543.2,0,1
22700.0,2021-09-07,22350.0,22770.0,23020.0,22750.0,0.5080753452465724,0.8613126282323836,32.09014065270795,15.384615384615385,-30576.0,1620.9,-10736.4,10017.2,-42725.0,-15824.5,-5360.1,-18775.8,3187.0,3172.7,3159.35,3194.8,34.441148586442225,sell,2999430.0,3332885.7265251884,4359859200.0,2629040025.0,3560409197.5,2641991540.0,195072.0,115543.9,154118.55,116312.8,1,1
22800.0,2021-09-08,22700.0,22730.0,22912.5,22660.0,0.30367674510988735,0.9527751227228094,35.4959912043694,42.30769230769231,24313.0,1356.8,-10244.45,1103.4,-9243.0,-11808.1,-5410.35,-18505.6,3163.0,3174.3,3156.45,3186.0,46.95190653151386,sell,3123750.0,3318943.331521674,2822064000.0,2642926065.0,3483366672.5,2510191240.0,124320.0,116360.3,151556.05,111102.8,2,2
22350.0,2021-09-09,22800.0,22740.0,22855.0,22670.0,0.08405052492976811,0.9964614941175752,40.9973274695796,52.0,64557.0,7240.5,-4954.2,14790.4,-67410.0,-16296.6,-8742.5,-27855.2,3115.0,3172.9,3151.8,3173.8,48.428404520257146,sell,3480593.0,3329719.985634905,8136020400.0,3218436885.0,3670804852.5,3718071870.0,356843.0,141556.0,160239.0,164039.6,3,2
21400.0,2021-09-10,22350.0,22700.0,22800.0,22610.0,-0.13979033953564882,0.9901811253364246,32.66488497971974,16.0,-19718.0,5112.3,-3265.95,9840.2,-12982.0,-18066.2,-10330.4,-28668.4,3126.0,3172.1,3149.55,3158.8,61.51629308979405,buy,3352824.0,3331260.25453293,2855637150.0,3321088325.0,3502903522.5,3901005480.0,127769.0,146292.8,153378.7,172454.6,4,2
21250.0,2021-09-13,21400.0,22555.0,22697.5,22320.0,-0.7266603220342686,0.6869969260346462,24.806893016782855,9.090909090909092,-39381.0,2532.5,-2560.85,-161.0,-34802.0,-20687.6,-13009.3,-33432.4,3128.0,3170.5,3147.4,3143.8,54.721689729365785,buy,3114443.0,3316805.7597414823,5101353400.0,3497138385.0,3447288005.0,4654986830.0,238381.0,155510.1,152049.0,208477.0,0,2
21500.0,2021-09-14,21250.0,22425.0,22637.5,22100.0,-0.8613126282324675,0.5080753452464302,18.711841721333496,6.521739130434782,-12246.0,6761.1,-1339.85,3505.0,-12436.0,-23075.2,-12631.45,-27374.6,3149.0,3165.5,3147.7,3136.2,57.36364673365047,buy,2934848.0,3291341.890749336,3816393750.0,3594142640.0,3390997175.0,4546293740.0,179595.0,160847.2,150021.6,205381.6,1,2
21750.0,2021-09-15,21500.0,22260.0,22542.5,21860.0,-0.9527751227228596,0.30367674510973003,20.05031872331324,22.727272727272727,12821.0,1155.0,-149.15,1206.6,-8489.0,-22864.7,-14421.4,-27223.8,3153.0,3160.1,3147.4,3134.2,55.510980626984335,buy,3094834.0,3278241.3558916296,3439699000.0,3590005990.0,3257154655.0,4669820740.0,159986.0,161808.8,144951.35,212514.8,2,3
21200.0,2021-09-16,21750.0,22160.0,22475.0,21650.0,-0.9964614941175891,0.08405052492960355,24.730515512511857,34.090909090909086,11949.0,2737.7,-60.25,-9315.0,-11588.0,-21957.3,-15236.65,-16059.4,3130.0,3155.5,3149.0,3137.2,53.56572560279694,buy,3357360.0,3283515.935475312,5709940500.0,3951338315.0,3328927015.0,4184604760.0,262526.0,178845.5,148825.5,193651.4,3,3
21200.0,2021-09-17,21200.0,22015.0,22417.5,21420.0,-0.9901811253365286,-0.13979033953491177,21.451549348766772,14.893617021276595,-38182.0,-1583.8,-0.1,-13007.8,-30052.0,-24070.9,-18061.4,-19473.4,3141.0,3149.5,3153.0,3140.2,55.861366528233816,buy,3158283.0,3275167.068220649,4220432400.0,4179284645.0,3349541162.5,4457563810.0,199077.0,190183.8,150260.0,207913.0,4,3
21200.0,2021-09-20,21200.0,21850.0,22335.0,21380.0,-0.686996926035187,-0.7266603220337572,19.265571906270047,14.893617021276595,-38182.0,-6464.5,-1420.1,-12768.0,-30052.0,-25977.9,-19218.55,-18523.4,3141.0,3143.3,3155.55,3142.8,54.28326283675352,buy,3158283.0,3267374.7927465173,4220432400.0,4468183220.0,3454296572.5,4281379610.0,199077.0,204264.6,155563.25,200052.2,0,3
21200.0,2021-09-21,21200.0,21735.0,22252.5,21370.0,-0.508075345246288,-0.8613126282325514,17.916178372295974,15.217391304347828,-38182.0,-7225.1,-2802.1,-17955.2,-30052.0,-24710.6,-20267.55,-22046.6,3141.0,3138.7,3155.7,3141.2,55.00307037121135,buy,3158283.0,3260102.0028529875,4220432400.0,4454240540.0,3541640282.5,4362187340.0,199077.0,204665.1,160104.5,203948.6,1,3
21050.0,2021-09-22,21200.0,21585.0,22157.5,21310.0,-0.30367674510957265,-0.9527751227229097,17.016582682979926,15.217391304347828,-38182.0,-13474.6,-6058.9,-28155.8,-30052.0,-26791.5,-19299.8,-26359.2,3141.0,3136.5,3155.4,3138.8,60.87313936802461,buy,3158283.0,3253314.0660972595,4220432400.0,4594077380.0,3618501722.5,4518334020.0,199077.0,212140.8,164250.55,211766.8,2,4
20850.0,2021-09-23,21050.0,21410.0,22075.0,21170.0,-0.084050524929439,-0.996461494117603,14.4451636491184,9.30232558139535,-22852.0,-22215.5,-7487.5,-35116.0,18584.0,-18192.1,-17244.35,-20324.8,3128.0,3137.8,3155.35,3138.4,66.09648625686629,buy,2804652.0,3223403.248397717,7443932550.0,4524868595.0,3871652740.0,4865132430.0,353631.0,211819.6,176687.8,229987.8,3,4
20650.0,2021-09-24,20850.0,21260.0,21980.0,21100.0,0.1397903395350753,-0.9901811253365055,11.80402214289053,6.521739130434782,-13415.0,-21585.2,-8236.45,-30162.6,-18557.0,-18749.6,-18407.9,-18025.8,3125.0,3137.7,3154.9,3135.2,71.72605564615691,buy,2642218.0,3184657.5490996838,3386748900.0,4577979770.0,3949534047.5,4698395730.0,162434.0,215286.1,180789.45,222659.2,4,4
19950.0,2021-09-27,20650.0,21185.0,21870.0,20990.0,0.7266603220338707,-0.6869969260350671,11.64293300092073,11.320754716981133,3418.0,-17305.3,-7386.4,-21842.6,-4289.0,-15698.3,-18192.95,-12873.2,3134.0,3138.3,3154.4,3133.8,65.57458484695788,buy,2478402.0,3137573.8275982896,3382800400.0,4406124470.0,3951631427.5,4530869330.0,163816.0,207829.6,181669.85,215607.0,0,4
19500.0,2021-09-28,19950.0,21055.0,21740.0,20740.0,0.8613126282321732,-0.5080753452469291,8.299589742549303,1.6129032258064515,-24678.0,-18548.5,-5893.7,-19141.8,-17546.0,-16209.3,-19642.25,-10372.0,3098.0,3133.2,3149.35,3125.2,64.93994170450848,buy,2245719.0,3078116.8176079895,4642025850.0,4488687680.0,4041415160.0,4615188020.0,232683.0,213138.4,186992.8,222328.2,1,4
19450.0,2021-09-29,19500.0,20855.0,21557.5,20400.0,0.9527751227226836,-0.30367674511028186,8.235762531068906,8.108108108108109,-31239.0,-22954.5,-10899.75,-17753.2,11606.0,-14199.8,-18532.25,-2040.4,3060.0,3123.9,3142.0,3109.0,62.84732381005592,buy,1963423.0,3003803.8713725563,5504772000.0,4695194980.0,4142600485.0,4872055940.0,282296.0,225369.4,193589.1,238972.0,2,5
19550.0,2021-09-30,19450.0,20625.0,21392.5,20080.0,0.9964614941176169,-0.08405052492927444,10.46563273215539,14.925373134328357,-25060.0,-26655.4,-11958.85,-18194.8,-7062.0,-13747.2,-17852.25,-7169.6,3069.0,3117.8,3136.65,3097.2,69.31816735571249,buy,1478861.0,2902140.9812815683,9424730900.0,5066674020.0,4509006167.5,5268215610.0,484562.0,247573.0,213209.25,265158.2,3,5
