idx,time_delta
0,19.0
1,22.0
2,5.878513514995575
3,2.790206402540207
4,22.0
5,18.0
6,17.0
7,11.89214551448822
8,3.0
9,29.0
10,5.0
11,7.516941130161285
12,3.0
13,13.0
14,9.464050114154816
15,10.0
16,0.9439178667962551
17,1.5059621930122375
18,12.366693496704102
19,14.0
20,3.8792712092399597
21,1.819591835141182
22,17.0
23,1.5880846604704857
24,20.0
25,4.0
26,8.658036410808563
27,21.850016117095947
28,9.297097980976105
29,1.7417562156915665
30,13.544336915016174
31,8.91030865907669
32,6.099950790405273
33,26.0
34,12.916047096252441
35,7.453544080257416
36,19.20407545566559
37,0.7661771923303604
38,21.226627111434937
39,2.0
40,9.0
41,16.0
42,8.0
43,2.0
44,9.534423589706421
45,13.924517154693604
46,2.0333007127046585
47,16.0
48,20.12413716316223
49,4.051459819078445
50,4.0
51,17.790762782096863
52,13.0
53,18.0
54,2.522777557373047
55,12.889597296714783
56,2.1735218912363052
57,1.3532805293798447
58,19.0
59,2.0
60,3.8949914276599884
61,15.671341896057129
62,3.720250517129898
63,11.689456939697266
64,12.0
65,12.0
66,11.26103401184082
67,1.113660678267479
68,7.735874772071838
69,4.0
70,7.516941130161285
71,25.0
72,2.0
73,23.0
74,17.0
75,14.0
76,14.0
77,10.0
78,16.54775309562683
79,20.0
80,14.0
81,17.904298543930054
82,17.0
83,17.0
84,2.0023399144411087
85,18.0
86,13.27735722064972
87,9.0
88,2.0
89,2.0
90,8.63831901550293
91,9.0
92,7.709842085838318
93,5.872829854488373
94,18.700236201286316
95,9.0
96,9.551686525344849
97,26.0
98,3.0
99,5.0
100,4.393877685070038
101,2.0
102,6.0
103,3.089137613773346
104,6.0
105,3.0
106,6.192168354988098
107,4.5605184733867645
108,24.149441242218018
109,30.0
110,17.0
111,16.359339237213135
112,26.0
113,11.959740042686462
114,25.92708683013916
115,14.30954134464264
116,16.0
117,20.985856533050537
118,22.0
119,2.0
120,7.19413036108017
121,16.0
122,3.0
123,6.416322946548462
124,24.220381259918213
125,13.0
126,10.803711771965027
127,9.37880825996399
128,10.0
129,1.0152883268892765
130,7.979881584644318
131,20.0
132,6.176108241081238
133,5.0
134,2.0
135,13.983880400657654
136,4.0
137,3.0
138,8.0
139,14.0
140,15.990390539169312
141,17.0
142,4.735455632209778
143,5.0
144,11.882195949554443
145,14.0
146,8.0
147,20.64630961418152
148,25.0
149,3.1915158331394196
150,27.0
151,1.2916863411664963
152,21.0
153,4.0
154,0.7253724113106728
155,27.807581901550293
156,8.0
157,14.38377559185028
158,14.50632619857788
159,3.7886973172426224
160,7.542522549629211
161,8.5358145236969
162,10.266854166984558
163,20.0
164,13.55529272556305
165,1.0031656473875046
166,17.109199285507202
167,1.2916863411664963
168,0.8594826608896255
169,9.387954771518707
170,4.0
171,13.0
172,6.0
173,15.0
174,13.309611082077026
175,26.0
176,15.0
177,14.999637246131897
178,2.0
179,6.4499287605285645
180,3.1915158331394196
181,19.0
182,8.0
183,2.23622265458107
184,5.872829854488373
185,21.70887017250061
186,1.5616291090846062
187,19.309773087501526
188,15.0
189,18.0
190,8.891272723674774
191,25.0
192,21.0
193,9.0
194,31.21064782142639
195,21.434067249298096
196,1.8950340896844864
197,10.0
198,14.30954134464264
199,23.397350311279297
200,4.976373314857483
201,8.0
202,3.2081825137138367
203,17.904298543930054
204,2.0
205,14.0
206,6.0
207,2.0
208,20.02894413471222
209,14.409205794334412
210,2.0
211,16.0
212,15.829845190048218
213,23.0
214,27.0
215,14.756319403648376
216,17.0
217,3.0
218,13.677966833114624
219,3.0
220,28.0
221,1.0
222,2.0
223,5.0
224,24.0
225,9.0
226,17.0
227,24.0
228,14.0
229,4.0
230,14.147325038909912
231,8.87364536523819
232,23.275203227996826
233,13.590859651565552
234,4.418828338384628
235,7.820867657661438
236,20.0
237,17.420199155807495
238,13.10366702079773
239,1.918372392654419
240,24.0
241,16.895345211029053
242,7.0
243,2.764918327331543
244,5.0
245,2.0
246,14.278478145599365
247,16.155855298042297
248,3.0
249,15.401750802993774
250,14.0
251,5.5908099710941315
252,12.25221300125122
253,19.0
254,3.4304625391960144
255,5.52074408531189
256,25.05826187133789
257,13.0
258,4.0
259,3.0
260,6.0
261,15.654074549674988
262,15.59396505355835
263,17.0
264,20.0
265,4.0
266,11.0
267,7.0
268,13.0
269,19.288167238235474
270,14.0
271,17.0
272,24.0
273,2.0
274,17.0
275,21.0
276,3.0
277,3.0
278,27.0
279,3.0
280,3.0
281,2.0
282,19.442414164543152
283,14.0
284,8.73950582742691
285,11.92712116241455
286,13.0
287,0.8907561413943768
288,7.030319452285767
289,27.0
290,7.501115202903748
291,25.0
292,4.0
293,15.210712671279907
294,20.03493821620941
295,15.187153339385986
296,4.380824059247971
297,8.964594423770905
298,12.14176321029663
299,16.323659300804138
300,3.0
301,7.0
302,3.606751412153244
303,5.0
304,7.0
305,22.0
306,4.0
307,9.043619990348816
308,12.716611981391907
309,25.0
310,3.0
311,18.0
312,12.873916625976562
313,2.0
314,19.0
315,21.176124572753906
316,22.145881414413452
317,1.0
318,17.0
319,23.0
320,3.0
321,3.0
322,21.0
323,23.0
324,22.0
325,2.0401820093393326
326,0.9117006659507751
327,18.0
328,4.286524772644043
329,19.40834927558899
330,3.0
331,18.0
332,10.0
333,18.793673872947693
334,3.0
335,8.63831901550293
336,23.0
337,6.23828911781311
338,22.0
339,4.0
340,27.938217401504517
341,14.0
342,7.1947630643844604
343,32.0
344,23.0
345,23.0
346,8.81310886144638
347,2.8794506192207336
348,3.0
349,5.0
350,1.0152883268892765
351,3.600943475961685
352,14.594400525093079
353,5.0
354,2.132379040122032
355,2.5471173524856567
356,18.75226628780365
357,16.0
358,2.0
359,19.381242156028748
360,19.0
361,13.154050827026367
362,0.9802691861987114
363,9.464770495891571
364,2.0
365,1.7252738624811172
366,16.25960612297058
367,21.519869565963745
368,7.7029613852500916
369,20.0
370,22.0
371,24.249637365341187
372,13.0
373,24.0
374,5.0
375,20.40589427947998
376,4.0
377,12.0
378,22.0
379,18.0
380,11.0
381,10.14269083738327
382,13.242902636528015
383,4.693021982908249
384,28.0
385,8.724936962127686
386,21.519869565963745
387,14.663789987564087
388,28.0
389,2.0
390,2.2794255912303925
391,14.0
392,8.0
393,10.0686594247818
394,5.0
395,3.0
396,12.0
397,2.0
398,27.0
399,19.0
400,15.463594794273376
401,12.593323826789856
402,7.0
403,23.605079412460327
404,6.0
405,7.6129631996154785
406,7.0
407,5.2386946976184845
408,2.0
409,21.0
410,28.233915328979492
411,21.0
412,28.0
413,7.0
414,23.0
415,3.6747021079063416
416,15.671341896057129
417,30.0
418,2.1735218912363052
419,7.0
420,20.772345781326294
421,2.0
422,1.819591835141182
423,12.0
424,25.0
425,1.7498748153448105
426,16.0
427,15.578901886940002
428,4.0
429,5.0
430,11.0
431,0.9729108288884163
432,3.0
433,3.0
434,27.0
435,8.883220434188843
436,6.0
437,2.151888355612755
438,21.0
439,9.551686525344849
440,2.0401820093393326
441,7.898902416229248
442,5.0
443,19.0
444,12.0
445,8.0
446,8.0
447,2.4089969992637634
448,3.0
449,11.177979588508606
450,11.0
451,2.0
452,11.39573585987091
453,8.94609522819519
454,13.0
455,18.700236201286316
456,8.245577573776245
457,4.2314344346523285
458,27.0
459,11.0
460,13.22581171989441
461,24.01889681816101
462,15.0
463,0.7808644063770771
464,4.0
465,12.862597227096558
466,2.0
467,14.585167527198792
468,17.471654891967773
469,4.735455632209778
470,0.6877947375178337
471,19.269532918930054
472,2.0890131443738937
473,4.943375527858734
474,7.1696361899375916
475,21.83724045753479
476,17.450600266456604
477,24.531162977218628
478,12.340764045715332
479,3.2081825137138367
480,16.771371841430664
481,9.0
482,5.0
483,23.0
484,12.0
485,1.0
486,8.5419242978096
487,4.0
488,4.222788065671921
489,11.752480387687683
490,3.0
491,5.0
492,22.74662494659424
493,26.0
494,21.0
495,31.0
496,3.0
497,20.96739149093628
498,19.478970050811768
499,3.0
500,5.0
501,19.089874148368835
502,0.8072962015867233
503,3.0
504,9.0
505,2.0
506,17.569416642189026
507,4.0
508,1.9858892112970352
509,2.0
510,4.955942332744598
511,9.0
512,19.0
513,20.772345781326294
514,5.0
515,19.0
516,8.471767544746399
517,2.0
518,22.0
519,4.0
520,13.7989741563797
521,23.92826747894287
522,25.0
523,21.609786987304688
524,21.286652326583862
525,8.785863757133484
526,8.0
527,11.361087441444397
528,22.0
529,13.566894769668579
530,12.621242880821228
531,2.0739080160856247
532,3.0
533,15.579923391342163
534,4.43656712770462
535,7.130722641944885
536,11.450786471366882
537,2.0
538,5.380782395601273
539,11.267670154571533
540,12.0
541,17.0
542,6.214529037475586
543,20.0
544,4.0
545,2.0
546,5.0
547,14.0
548,14.0
549,2.0
550,2.9388677179813385
551,23.0
552,5.0
553,32.0
554,15.671341896057129
555,2.0
556,13.197759747505188
557,5.0
558,17.486581802368164
559,13.367297172546387
560,15.0
561,6.232865810394287
562,21.0
563,3.554668426513672
564,12.10062575340271
565,15.295523643493652
566,5.0
567,17.0
568,2.3353737592697144
569,21.226627111434937
570,17.252773642539978
571,28.0
572,9.438805937767029
573,9.330576360225677
574,6.026607811450958
575,17.47464632987976
576,4.0
577,8.441790103912354
578,4.0
579,16.187317371368408
580,20.894806623458862
581,16.0
582,15.0
583,22.0
584,11.0
585,6.0
586,2.0
587,6.233047068119049
588,10.0
589,3.0
590,10.0
591,14.0
592,12.477284550666809
593,3.0
594,8.0
595,21.0
596,2.9529370218515396
597,21.567365884780884
598,3.0
599,15.0
600,9.0
601,17.91731882095337
602,7.954788982868195
603,9.00050300359726
604,21.0
605,8.0
606,3.8182298243045807
607,10.0
608,5.0
609,13.544336915016174
610,8.0
611,16.0
612,11.197670817375183
613,2.95860356092453
614,3.0
615,6.663755655288696
616,7.0
617,7.334977328777313
618,5.309933245182037
619,8.0
620,17.0
621,13.83243453502655
622,5.745555549860001
623,15.0
624,6.0
625,15.784705877304077
626,15.027257442474365
627,12.0
628,0.9241091758012772
629,24.0
630,28.99612545967102
631,8.261247217655182
632,10.42925637960434
633,11.533211588859558
634,8.0
635,12.0
636,15.220181941986084
637,28.11143136024475
638,12.666538953781128
639,20.36239492893219
640,10.666495323181152
641,3.0
642,8.964671194553375
643,13.0
644,14.0
645,12.16467034816742
646,27.07353448867798
647,7.0
648,8.900590002536774
649,3.8253200352191925
650,0.8086709603667259
651,15.395850539207458
652,10.0
653,2.0890131443738937
654,16.218676924705505
655,10.0
656,7.0
657,14.0
658,19.7626291513443
659,14.0
660,9.0
661,12.0
662,14.99996531009674
663,19.20407545566559
664,18.0
665,2.0
666,5.0
667,6.095599889755249
668,8.0
669,10.0
670,3.0
671,3.2418098151683807
672,6.208385109901428
673,14.0
674,8.0
675,13.0
676,29.0
677,1.2779659628868103
678,5.705636203289032
679,3.0
680,16.0
681,11.0
682,1.4902298897504807
683,16.0
684,3.0
685,1.356853000819683
686,2.0
687,21.0
688,13.239140748977661
689,5.0
690,12.0
691,20.0
692,9.0
693,5.128652989864349
694,8.0
695,15.0
696,17.972096920013428
697,9.0
698,13.0
699,1.3862473964691162
700,8.0
701,13.0
702,17.0
703,5.908723533153534
704,9.0
705,1.4060387313365936
706,18.0
707,3.319290965795517
708,12.77507197856903
709,8.76750099658966
710,11.0
711,0.9117426201701164
712,20.0
713,1.4187111482024193
714,1.535167008638382
715,1.0856874510645866
716,3.0
717,19.55473279953003
718,3.0
719,16.30768370628357
720,11.86765730381012
721,2.0
722,11.0
723,30.0
724,23.478066205978394
725,10.0
726,10.803711771965027
727,2.0
728,6.886169135570526
729,8.0
730,15.810663342475891
731,28.0
732,21.09461212158203
733,1.0531326085329056
734,2.0
735,28.0
736,20.894806623458862
737,30.0
738,1.6370065584778786
739,11.0
740,24.253804206848145
741,6.0
742,18.790481090545654
743,7.226417064666748
744,1.3214201107621193
745,2.0
746,5.0
747,13.0
748,2.0
749,18.0
750,11.0
751,3.0
752,1.1173895448446274
753,9.602763295173645
754,2.0
755,5.0
756,10.0
757,17.692201733589172
758,4.236524134874344
759,6.496558666229248
760,16.0
761,25.0
762,13.0
763,2.0
764,2.0
765,0.877864096313715
766,4.0
767,24.0
768,3.0
769,7.0
770,6.0
771,24.0
772,1.4780440628528595
773,1.7257881462574005
774,25.24523687362671
775,28.561654567718506
776,26.0
777,19.0
778,17.0
779,23.086062908172607
780,21.0
781,11.89214551448822
782,7.0
783,5.0516161024570465
784,3.0
785,6.233047068119049
786,11.0
787,19.0
788,8.0
789,11.0
790,2.900856465101242
791,6.192168354988098
792,7.030319452285767
793,21.99331045150757
794,6.0
795,3.0
796,2.0
797,7.51096647977829
798,16.0
799,19.0
800,31.0
801,19.478970050811768
802,0.9966083019971848
803,15.017915725708008
804,2.0
805,8.0
806,13.51959216594696
807,16.0
808,10.812410354614258
809,2.098435863852501
810,3.163987010717392
811,2.9444283843040466
812,9.853670477867126
813,3.0
814,6.9111509919166565
815,6.0
816,13.0
817,9.0
818,9.090644001960754
819,15.403677463531494
820,20.748409271240234
821,22.0
822,22.0
823,3.170949250459671
824,4.0
825,2.0
826,13.0
827,14.0
828,24.0
829,11.462202191352844
830,10.0
831,14.0
832,28.233915328979492
833,16.0
834,5.538968920707703
835,7.0
836,19.523945331573486
837,6.358893990516663
838,2.0
839,2.603334054350853
840,11.39573585987091
841,20.070921421051025
842,2.0
843,24.0
844,14.77071237564087
845,22.0
846,3.0
847,4.105402827262878
848,2.0
849,2.0
850,7.514940142631531
851,14.190207481384277
852,13.0
853,16.0
854,4.0
855,4.492900192737579
856,8.0
857,4.0
858,19.999119758605957
859,20.293855667114258
860,4.0
861,10.449013233184814
862,10.73424482345581
863,16.4460027217865
864,16.34185218811035
865,12.037494540214539
866,6.0
867,17.417243123054504
868,15.0
869,18.0
870,3.0
871,17.0
872,7.1696361899375916
873,6.42793333530426
874,2.0
875,13.22581171989441
876,22.257303714752197
877,4.86194983124733
878,13.0
879,22.0
880,2.0
881,9.0
882,3.0
883,1.5715091153979301
884,1.0375510230660439
885,15.0
886,5.0
887,1.0197524353861809
888,12.0
889,2.462656870484352
890,14.054074168205261
891,23.82512402534485
892,3.0
893,23.433696269989014
894,11.0
895,22.425324201583862
896,18.354149222373962
897,8.0
898,5.0
899,2.2606320679187775
900,9.0
901,8.0
902,19.0
903,0.960572712123394
904,14.0
905,11.0
906,20.51606810092926
907,13.109646677970886
908,17.0
909,5.0
910,3.802802801132202
911,20.0
912,8.0
913,2.132379040122032
914,2.7506199777126312
915,12.828561663627625
916,23.32220959663391
917,19.0
918,9.0
919,15.173081159591675
920,14.0
921,19.0
922,2.0
923,8.0
924,7.011858761310577
925,1.205057255923748
926,9.354904174804688
927,1.4117014408111572
928,26.0
929,10.0
930,23.90665316581726
931,2.0
932,13.709283351898193
933,19.0
934,1.6029241904616356
935,26.0
936,9.82243275642395
937,29.89331030845642
938,1.402106985449791
939,4.1987534165382385
940,27.35871148109436
941,2.0
942,17.0
943,7.708203077316284
944,22.0
945,18.0
946,18.95422637462616
947,24.824385404586792
948,26.0
949,8.834533333778381
950,10.825436115264893
951,2.2453496754169464
952,4.973231256008148
953,0.916378203779459
954,3.2153779566287994
955,23.52656602859497
956,6.0
957,20.03493821620941
958,16.0
959,10.0
960,10.0
961,7.6129631996154785
962,11.47596526145935
963,15.192673325538635
964,4.0
965,14.0
966,6.0
967,21.0
968,12.376668453216553
969,24.635042905807495
970,3.0
971,2.0
972,3.0
973,4.0
974,2.0
975,2.2113086581230164
976,30.40329647064209
977,14.0
978,10.0
979,12.963034629821777
980,21.839762687683105
981,4.615783601999283
982,6.0
983,26.0
984,6.0
985,8.0
986,2.0
987,26.0
988,20.0
989,1.406506985425949
990,3.9768762290477753
991,20.0
992,17.0
993,23.0
994,5.7057836055755615
995,7.865237832069397
996,4.0
997,8.525932252407074
998,15.0
999,28.0
1000,1.1881733685731888
1001,4.691251128911972
1002,24.0
1003,3.0
1004,17.0
1005,6.0
1006,10.645946264266968
1007,2.221160516142845
1008,0.7580433115363121
1009,7.0
1010,3.0
1011,2.0
1012,21.0
1013,3.0
1014,30.0
1015,2.1735218912363052
1016,17.0
1017,2.0
1018,7.7299277782440186
1019,29.0
1020,21.0
1021,7.295283257961273
1022,18.0
1023,5.52235421538353
1024,21.0
1025,3.0
1026,1.4060387313365936
1027,3.0
1028,3.4384660720825195
1029,4.0
1030,1.6819875687360764
1031,24.0
1032,12.769663572311401
1033,6.227101445198059
1034,5.928699493408203
1035,13.166223764419556
1036,16.0
1037,2.7928575575351715
1038,3.0
1039,19.0
1040,1.0
1041,22.0
1042,22.74662494659424
1043,14.747328639030457
1044,25.321746587753296
1045,18.481729388237
1046,10.678691148757935
1047,10.267826855182648
1048,12.560454607009888
1049,25.0
1050,12.0
1051,8.724936962127686
1052,7.0
1053,17.0
1054,2.323037624359131
1055,12.64341652393341
1056,2.1605674624443054
1057,4.0
1058,15.0
1059,2.0
1060,26.0
1061,10.972261905670166
1062,16.0
1063,24.0
1064,8.0
1065,6.05740362405777
1066,28.561654567718506
1067,10.851298689842224
1068,1.1990484595298767
1069,2.0
1070,22.41913104057312
1071,2.0
1072,1.6532132625579834
1073,2.0
1074,18.896828413009644
1075,4.0
1076,18.0
1077,15.0
1078,14.587475538253784
1079,2.0
1080,0.8524904698133469
1081,5.886950194835663
1082,27.0
1083,2.0
1084,5.0
1085,17.55555772781372
1086,2.0
1087,16.236513257026672
1088,16.56940448284149
1089,24.0
1090,15.704038500785828
1091,12.1009441614151
1092,15.0
1093,2.0
1094,2.0
1095,24.0
1096,17.58300518989563
1097,12.0
1098,6.0
1099,9.0
1100,22.425324201583862
1101,12.1009441614151
1102,8.0
1103,12.477284550666809
1104,4.0
1105,5.0
1106,15.49985122680664
1107,3.0
1108,6.681351542472839
1109,17.0
1110,4.0
1111,17.612608909606934
1112,14.54763638973236
1113,10.398749470710754
1114,19.0
1115,15.0
1116,24.0
1117,6.0
1118,8.0
1119,2.0
1120,1.0
1121,3.0
1122,2.1074826568365097
1123,3.0
1124,21.0
1125,18.451258182525635
1126,5.143816143274307
1127,18.0
1128,30.0
1129,17.684853076934814
1130,19.0
1131,4.151957303285599
1132,6.0
1133,12.14176321029663
1134,12.419909358024597
1135,10.0
1136,28.0
1137,11.627280473709106
1138,20.673261761665344
1139,21.0
1140,3.0
1141,3.920242130756378
1142,2.0
1143,2.0
1144,6.0
1145,9.0
1146,18.604601860046387
1147,4.0
1148,13.0
1149,23.0
1150,5.0
1151,14.0
1152,26.0
1153,2.764918327331543
1154,27.0
1155,1.0
1156,5.758004426956177
1157,12.035570979118347
1158,2.0
1159,4.48559707403183
1160,14.0
1161,13.0
1162,1.9991977363824844
1163,27.0
1164,0.7661771923303604
1165,22.64530873298645
1166,2.0
1167,6.0
1168,16.813982605934143
1169,23.852746963500977
1170,12.24061667919159
1171,3.0
1172,16.895345211029053
1173,2.4889478534460068
1174,3.0
1175,19.0
1176,24.0
1177,4.051459819078445
1178,6.0
1179,22.843966007232666
1180,19.752180218696594
1181,8.53519880771637
1182,11.906818628311157
1183,7.334977328777313
1184,11.561774730682373
1185,7.681232035160065
1186,5.018277883529663
1187,0.8051699511706829
1188,27.0
1189,12.954751968383789
1190,12.951852679252625
1191,9.518467724323273
1192,7.0
1193,13.43098795413971
1194,6.0
1195,4.693021982908249
1196,8.334452867507935
1197,2.920754551887512
1198,9.269407629966736
1199,2.0
1200,10.0
1201,14.0
1202,24.0
1203,10.693079710006714
1204,11.626887798309326
1205,7.0
1206,5.0
1207,7.0
1208,23.433628797531128
1209,20.78489053249359
1210,22.15321183204651
1211,10.0
1212,3.780205637216568
1213,21.0
1214,21.0
1215,25.0
1216,6.0
1217,21.0
1218,22.0
1219,1.255211979150772
1220,17.0
1221,11.0
1222,4.0
1223,21.0
1224,2.462656870484352
1225,4.6144134402275085
1226,4.311785161495209
1227,8.942243814468384
1228,27.0
1229,3.0
1230,15.0
1231,1.9593390226364136
1232,2.0
1233,21.0
1234,10.0
1235,24.0
1236,8.0
1237,16.9805645942688
1238,21.0
1239,1.5544160604476929
1240,21.0
1241,22.0
1242,2.0
1243,12.396942496299744
1244,1.1331673860549927
1245,24.0
1246,20.0
1247,13.0
1248,9.366206586360931
1249,22.888201236724854
1250,24.824385404586792
1251,23.0
1252,0.7808644063770771
1253,21.0
1254,14.0
1255,2.0
1256,1.7552692368626595
1257,14.0
1258,31.0
1259,12.0
1260,1.5715091153979301
1261,6.563969850540161
1262,18.0
1263,12.14176321029663
1264,26.0
1265,6.0
1266,14.036714792251587
1267,14.75650429725647
1268,19.0
1269,8.0
1270,20.0
1271,9.0
1272,14.0
1273,5.188176363706589
1274,1.892840713262558
1275,2.0
1276,17.725337982177734
1277,4.090801537036896
1278,2.0
1279,15.0
1280,14.0
1281,6.0
1282,16.338323950767517
1283,23.478066205978394
1284,21.836471557617188
1285,4.5484718680381775
1286,3.0
1287,13.896242380142212
1288,8.964671194553375
1289,7.0
1290,16.21430194377899
1291,10.508044838905334
1292,10.791143536567688
1293,15.27893590927124
1294,5.976864695549011
1295,1.328197032213211
1296,9.882085144519806
1297,3.0
1298,0.8695259690284729
1299,21.0
1300,24.0
1301,3.236074835062027
1302,2.0
1303,2.0
1304,2.0
1305,13.55529272556305
1306,14.278478145599365
1307,15.990390539169312
1308,18.0
1309,15.0
1310,1.4060387313365936
1311,5.0
1312,23.461020469665527
1313,5.4988027811050415
1314,2.0
1315,10.0
1316,21.226627111434937
1317,19.66516149044037
1318,3.8203879296779633
1319,4.0
1320,20.0
1321,14.618288278579712
1322,19.0
1323,11.0
1324,28.0
1325,10.0
1326,4.0
1327,24.0
1328,21.861474990844727
1329,22.0
1330,2.329820677638054
1331,15.0
1332,3.9867996871471405
1333,2.0
1334,6.0
1335,3.0
1336,11.0
1337,8.257222354412079
1338,22.0
1339,2.0
1340,10.0
1341,3.0
1342,8.0
1343,4.0
1344,30.0
1345,3.0
1346,8.0
1347,3.3567457497119904
1348,11.743823885917664
1349,16.0
1350,9.118606626987457
1351,13.968539118766785
1352,5.0
1353,12.0
1354,14.0
1355,11.074300169944763
1356,17.0
1357,6.0
1358,15.224226355552673
1359,13.0
1360,28.0
1361,13.0
1362,2.0
1363,7.629175961017609
1364,5.0
1365,17.0
1366,9.0
1367,25.083784341812134
1368,14.54689085483551
1369,6.0
1370,28.0
1371,2.0
1372,9.234672129154205
1373,9.752228319644928
1374,14.0
1375,27.0
1376,23.0
1377,18.460724472999573
1378,7.0
1379,20.0
1380,5.5908099710941315
1381,2.0
1382,17.93693232536316
1383,21.0
1384,4.0
1385,10.952330589294434
1386,16.0
1387,18.0
1388,1.0
1389,4.0
1390,29.0654034614563
1391,12.0
1392,1.0271124690771103
1393,7.820867657661438
1394,0.8350124694406986
1395,4.963453531265259
1396,14.3067626953125
1397,12.035570979118347
1398,13.032893180847168
1399,2.0
1400,6.240038990974426
1401,17.101909279823303
1402,1.532466396689415
1403,24.0
1404,12.38455867767334
1405,8.6837899684906
1406,10.322618067264557
1407,2.0
1408,8.995699048042297
1409,29.0
1410,2.0
1411,10.0
1412,2.0
1413,15.92150890827179
1414,2.0
1415,3.236074835062027
1416,2.0401820093393326
1417,18.0
1418,17.0
1419,20.75806951522827
1420,17.0
1421,2.8356601297855377
1422,3.3784241676330566
1423,25.0
1424,14.077853798866272
1425,15.210712671279907
1426,17.0
1427,1.0
1428,25.0
1429,14.0
1430,17.0
1431,27.0
1432,24.0
1433,17.0
1434,6.0
1435,30.0
1436,12.523468017578125
1437,2.23622265458107
1438,14.0
1439,5.0
1440,11.443495869636536
1441,13.0
1442,20.204352498054504
1443,2.356109455227852
1444,4.0
1445,9.830228865146637
1446,4.0
1447,18.32273256778717
1448,25.00364875793457
1449,15.0
1450,24.0
1451,23.0
1452,17.569416642189026
1453,22.184988975524902
1454,6.321021735668182
1455,23.360575437545776
1456,19.478970050811768
1457,2.0
1458,4.0
1459,6.0
1460,1.5880846604704857
1461,5.266947001218796
1462,23.0
1463,13.166223764419556
1464,1.8272962272167206
1465,3.0
1466,11.946331858634949
1467,2.299223005771637
1468,28.264268159866333
1469,20.0
1470,4.0
1471,25.0
1472,25.733447313308716
1473,2.0
1474,11.0
1475,24.443099975585938
1476,13.0
1477,2.4876048862934113
1478,7.566709101200104
1479,25.0
1480,8.0
1481,25.729346990585327
1482,19.0
1483,6.950409412384033
1484,21.0
1485,22.0
1486,24.0
1487,1.3234688639640808
1488,22.0
1489,18.0
1490,2.790206402540207
1491,13.527734637260437
1492,21.77060317993164
1493,5.0
1494,18.0
1495,2.0
1496,15.766430735588074
1497,22.0
1498,18.0
1499,10.27406531572342
1500,16.0
1501,22.0
1502,11.0
1503,15.0
1504,3.4006825387477875
1505,15.659723162651062
1506,1.3862473964691162
1507,20.0
1508,7.0
1509,9.330576360225677
1510,12.0
1511,5.751716256141663
1512,21.401498556137085
1513,2.0
1514,24.180994987487793
1515,1.7722534239292145
1516,10.456703066825867
1517,7.0
1518,1.6271646842360497
1519,8.890868663787842
1520,11.906818628311157
1521,7.0
1522,20.03493821620941
1523,2.0
1524,13.0
1525,19.0
1526,6.0
1527,12.0
1528,16.0
1529,15.0
1530,3.0
1531,9.265621185302734
1532,12.0
1533,6.655667960643768
1534,4.7041603326797485
1535,12.5816091299057
1536,1.2623606473207474
1537,2.0
1538,17.183533430099487
1539,3.0
1540,1.0152883268892765
1541,17.0
1542,25.184545278549194
1543,3.163987010717392
1544,6.967588484287262
1545,14.0
1546,0.7860242053866386
1547,1.1331673860549927
1548,3.0
1549,3.0
1550,21.571810245513916
1551,9.755805850028992
1552,2.1323385536670685
1553,10.0
1554,15.819681644439697
1555,14.0
1556,3.0
1557,15.463594794273376
1558,5.0
1559,17.97044003009796
1560,17.0
1561,4.519325137138367
1562,6.045456349849701
1563,8.588970065116882
1564,3.0
1565,5.0
1566,3.0
1567,7.939134359359741
1568,5.953110039234161
1569,7.0
1570,3.0
1571,12.050707936286926
1572,23.0
1573,21.0
1574,6.0
1575,22.0
1576,2.0
1577,23.0
1578,2.0
1579,21.98678994178772
1580,17.0
1581,23.0
1582,8.0
1583,13.0
1584,2.3023628294467926
1585,6.0
1586,9.513945639133453
1587,2.0
1588,2.0
1589,2.0
1590,5.2636962831020355
1591,0.698976207524538
1592,7.47518914937973
1593,12.0
1594,24.31876230239868
1595,1.2880401611328125
1596,18.0
1597,28.39907741546631
1598,18.017446875572205
1599,1.0
1600,5.806711733341217
1601,2.0
1602,3.0
1603,13.0
1604,6.416322946548462
1605,7.0
1606,31.083933353424072
1607,3.6487543880939484
1608,1.4054481759667397
1609,16.218676924705505
1610,2.8719834983348846
1611,23.597722053527832
1612,17.718230724334717
1613,12.0
1614,16.30768370628357
1615,2.0
1616,16.0
1617,2.0
1618,6.099950790405273
1619,1.4715565145015717
1620,13.103269219398499
1621,17.0
1622,14.941328883171082
1623,13.96666705608368
1624,19.288167238235474
1625,13.0
1626,8.214317083358765
1627,27.0
1628,7.374292552471161
1629,0.9628078490495682
1630,5.286247909069061
1631,2.0
1632,7.260948061943054
1633,0.8695259690284729
1634,12.0
1635,20.0
1636,25.392505645751953
1637,14.0
1638,2.2308071702718735
1639,4.0
1640,12.0
1641,22.4374737739563
1642,11.0
1643,5.0
1644,26.08604335784912
1645,29.0
1646,2.0
1647,6.578550696372986
1648,8.0
1649,22.0
1650,22.0
1651,1.778109073638916
1652,11.0
1653,27.0
1654,5.482859581708908
1655,12.0
1656,12.0
1657,15.51487135887146
1658,19.915708422660828
1659,4.7026123106479645
1660,6.0
1661,15.0
1662,16.0
1663,14.0
1664,10.008740305900574
1665,10.0
1666,12.0
1667,6.468896210193634
1668,18.0
1669,21.579320430755615
1670,17.0
1671,15.720432877540588
1672,2.0
1673,8.783393621444702
1674,21.707659244537354
1675,8.555353879928589
1676,9.0
1677,12.0
1678,16.236513257026672
1679,25.0
1680,13.886627197265625
1681,5.0
1682,19.0
1683,8.029069125652313
1684,4.71263262629509
1685,20.0
1686,29.0
1687,5.128652989864349
1688,2.0
1689,10.483602821826935
1690,15.0
1691,6.0
1692,2.0
1693,16.0
1694,3.0
1695,20.0
1696,19.0
1697,24.999401569366455
1698,2.334210678935051
1699,23.163143634796143
1700,25.56850552558899
1701,11.0
1702,20.0
1703,11.695605874061584
1704,2.0
1705,18.0
1706,7.979881584644318
1707,4.167595773935318
1708,22.753966569900513
1709,8.0
1710,18.0
1711,1.1748936250805855
1712,10.521388411521912
1713,19.0
1714,12.863562941551208
1715,7.086897850036621
1716,5.0
1717,15.0
1718,14.0
1719,15.0
1720,13.0
1721,1.358035333454609
1722,5.0
1723,21.579320430755615
1724,3.0
1725,16.801985263824463
1726,6.681351542472839
1727,4.8630808889865875
1728,9.0
1729,3.0
1730,13.0
1731,7.529548943042755
1732,13.1480393409729
1733,7.075437843799591
1734,20.0
1735,3.0
1736,2.5487849414348602
1737,9.286024570465088
1738,14.835391759872437
1739,6.0
1740,7.0730761885643005
1741,18.0
1742,2.0
1743,15.654074549674988
1744,2.4789503812789917
1745,11.0
1746,2.0
1747,5.24446365237236
1748,2.0
1749,7.226417064666748
1750,4.0
1751,18.700236201286316
1752,27.0
1753,2.0
1754,1.0
1755,19.0
1756,9.0
1757,2.4784363210201263
1758,6.0
1759,4.380824059247971
1760,4.761250078678131
1761,5.0
1762,28.0
1763,3.0
1764,19.0
1765,28.0
1766,16.236513257026672
1767,17.0
1768,7.0
1769,10.897759735584259
1770,4.0
1771,3.0
1772,6.0
1773,12.524863958358765
1774,12.0
1775,20.0
1776,16.4460027217865
1777,7.0
1778,9.88732135295868
1779,3.0867627263069153
1780,3.0
1781,19.722413897514343
1782,11.0
1783,15.810663342475891
1784,4.0
1785,25.0
1786,2.0
1787,2.0
1788,0.7253724113106728
1789,17.665755033493042
1790,6.111399292945862
1791,7.0
1792,4.170180380344391
1793,14.0
1794,3.0
1795,12.693904042243958
1796,7.688280344009399
1797,26.939039707183838
1798,9.8129802942276
1799,19.380461812019348
1800,11.0
1801,11.378212928771973
1802,5.0
1803,17.74900448322296
1804,13.0
1805,19.0
1806,3.0
1807,11.0
1808,2.0
1809,7.318529784679413
1810,2.3023628294467926
1811,11.743823885917664
1812,24.36040759086609
1813,12.828561663627625
1814,20.0
1815,13.0
1816,14.779294490814209
1817,4.653174251317978
1818,2.0
1819,2.0
1820,2.0
1821,1.7825578302145004
1822,15.027257442474365
1823,8.0
1824,21.0
1825,8.081628620624542
1826,2.0
1827,1.389166422188282
1828,5.6716543436050415
1829,6.412388384342194
1830,3.0
1831,1.4260983914136887
1832,11.0
1833,6.632163941860199
1834,23.920207262039185
1835,5.0
1836,7.218865811824799
1837,22.41812229156494
1838,14.94078278541565
1839,28.0
1840,8.344433546066284
1841,16.569826364517212
1842,9.69880336523056
1843,3.0
1844,0.8492061421275139
1845,1.0357913002371788
1846,3.917216584086418
1847,2.0
1848,21.0
1849,2.0
1850,28.0
1851,3.0
1852,2.0
1853,3.0
1854,3.0
1855,3.0
1856,5.0
1857,10.0
1858,7.827032566070557
1859,16.083367943763733
1860,4.385379105806351
1861,3.0
1862,17.0
1863,14.244377613067627
1864,12.10062575340271
1865,8.547811508178711
1866,6.0
1867,13.254401564598083
1868,5.0
1869,15.0
1870,9.025493860244751
1871,2.5487849414348602
1872,5.0
1873,2.0
1874,2.0
1875,1.9858892112970352
1876,17.61260426044464
1877,12.0
1878,19.0
1879,19.0
1880,6.0
1881,1.0
1882,2.0
1883,10.365975618362427
1884,9.0
1885,8.0
1886,5.0
1887,3.0
1888,29.0
1889,9.16232818365097
1890,7.0
1891,20.02894413471222
1892,14.650973081588745
1893,24.0
1894,5.669308960437775
1895,2.0
1896,19.0
1897,21.571810245513916
1898,3.1182310581207275
1899,0.9867806993424892
1900,9.0
1901,8.615283727645874
1902,4.0
1903,7.061863660812378
1904,5.907949596643448
1905,5.801664233207703
1906,24.0
1907,30.0
1908,6.0
1909,6.0
1910,15.078689813613892
1911,25.0
1912,7.3710179924964905
1913,2.0
1914,4.0
1915,3.0
1916,2.081653967499733
1917,4.0
1918,6.130698978900909
1919,7.1888516545295715
1920,1.9328930228948593
1921,3.0009204149246216
1922,3.0
1923,8.0
1924,9.17392486333847
1925,8.0
1926,3.0
1927,14.0
1928,15.805704832077026
1929,10.525888860225677
1930,11.877345323562622
1931,13.241617918014526
1932,1.1801972538232803
1933,6.581725537776947
1934,24.077850341796875
1935,19.478970050811768
1936,2.0
1937,29.0
1938,1.0
1939,8.581640779972076
1940,11.959740042686462
1941,24.0
1942,22.534032106399536
1943,26.0
1944,3.0
1945,17.0
1946,13.0
1947,21.0
1948,9.297705590724945
1949,4.0
1950,25.068530321121216
1951,4.76237291097641
1952,9.557487487792969
1953,3.0
1954,3.0
1955,8.48491108417511
1956,2.0
1957,2.0
1958,6.0
1959,21.28749990463257
1960,2.0
1961,13.763933658599854
1962,13.0
1963,2.0
1964,6.0
1965,7.124792158603668
1966,21.0
1967,4.918965250253677
1968,2.0
1969,7.812576651573181
1970,0.9833439327776432
1971,7.0
1972,12.0
1973,5.36052131652832
1974,24.0
1975,9.725205600261688
1976,22.0
1977,14.0
1978,3.0
1979,8.0
1980,14.0
1981,5.0
1982,17.0
1983,17.417243123054504
1984,0.8072962015867233
1985,10.0
1986,2.0
1987,7.0
1988,25.0
1989,4.36377227306366
1990,12.701874613761902
1991,5.0
1992,16.373754382133484
1993,2.357107698917389
1994,16.0
1995,12.0
1996,8.0
1997,10.0
1998,24.0
1999,18.08887469768524
2000,14.433980226516724
2001,23.0
2002,11.267670154571533
2003,20.0
2004,14.423173069953918
2005,19.269532918930054
2006,2.0
2007,17.61410701274872
2008,3.0
2009,23.0
2010,3.0
2011,15.0
2012,10.0
2013,7.579129278659821
2014,15.0
2015,3.0
2016,1.8702888935804367
2017,3.0394486784934998
2018,2.1094747185707092
2019,4.675959914922714
2020,3.655158668756485
2021,3.0
2022,17.0
2023,4.0
2024,3.0
2025,14.837759971618652
2026,9.508247077465057
2027,9.392614960670471
2028,1.1428590640425682
2029,18.0
2030,2.0
2031,0.7012300118803978
2032,9.0
2033,20.0
2034,1.268229067325592
2035,21.99331045150757
2036,3.0
2037,10.852010607719421
2038,26.0
2039,10.0
2040,23.0
2041,17.752959609031677
2042,3.9142851531505585
2043,4.0
2044,21.0
2045,3.0
2046,0.949392631649971
2047,7.160706102848053
2048,2.0
2049,1.0
2050,2.329820677638054
2051,14.0
2052,15.0
2053,15.0
2054,18.0
2055,5.0
2056,20.13617253303528
2057,0.9798019006848335
2058,2.0
2059,23.471811532974243
2060,4.0
2061,11.0
2062,2.0
2063,27.0
2064,16.0
2065,2.0
2066,4.375461041927338
2067,1.0
2068,16.0
2069,28.233915328979492
2070,1.0788246393203735
2071,8.0
2072,3.2984185814857483
2073,16.0
2074,24.0
2075,4.0
2076,19.0
2077,8.0
2078,0.8009864166378975
2079,11.673081636428833
2080,8.0
2081,19.939331769943237
2082,2.0
2083,5.0
2084,21.0
2085,2.3353737592697144
2086,11.0
2087,6.04006552696228
2088,16.0
2089,16.0
2090,14.0
2091,1.1428590640425682
2092,16.642823934555054
2093,13.600609183311462
2094,18.08144748210907
2095,2.3970291167497635
2096,13.109646677970886
2097,12.37237000465393
2098,1.6532132625579834
2099,6.829493582248688
2100,7.898902416229248
2101,6.0
2102,2.0
2103,13.666417002677917
2104,8.082416474819183
2105,17.0
2106,9.0
2107,14.036714792251587
2108,21.0
2109,3.0
2110,10.181582152843475
2111,15.0
2112,6.167870342731476
2113,25.0
2114,22.0
2115,2.0
2116,25.0
2117,13.262344121932983
2118,1.970508947968483
2119,19.0
2120,4.0
2121,1.484887272119522
2122,10.343460321426392
2123,21.313663721084595
2124,0.932280533015728
2125,18.0
2126,1.0812730938196182
2127,27.0
2128,15.525015234947205
2129,17.988588452339172
2130,17.008385062217712
2131,20.307185769081116
2132,0.9524419158697128
2133,21.0
2134,4.863897979259491
2135,13.0
2136,7.722501873970032
2137,14.0
2138,12.36348032951355
2139,1.8004355728626251
2140,4.0
2141,17.0
2142,9.853670477867126
2143,17.98014259338379
2144,20.0
2145,18.0
2146,10.0
2147,6.0
2148,2.0
2149,13.0
2150,2.0
2151,10.0
2152,24.0
2153,2.0
2154,22.308003902435303
2155,13.670424103736877
2156,13.0
2157,4.380300551652908
2158,2.0
2159,10.0
2160,31.0
2161,2.0
2162,11.444697856903076
2163,3.0
2164,18.0
2165,4.36377227306366
2166,22.78849506378174
2167,11.0
2168,10.0
2169,17.0
2170,8.28165864944458
2171,12.419909358024597
2172,7.251046240329742
2173,2.2780988216400146
2174,10.216226994991302
2175,4.877722948789597
2176,2.0
2177,16.0
2178,15.34169590473175
2179,2.0
2180,9.185050964355469
2181,24.31876230239868
2182,23.360575437545776
2183,7.0
2184,6.0
2185,12.681368947029114
2186,13.788792610168457
2187,5.0
2188,2.0
2189,2.0
2190,3.0
2191,2.0
2192,22.0
2193,15.0
2194,13.949398875236511
2195,4.266598463058472
2196,2.0
2197,23.271043062210083
2198,10.750849485397339
2199,2.0
2200,10.0
2201,12.231202006340027
2202,23.549379110336304
2203,4.0
2204,17.816848158836365
2205,11.0
2206,19.0
2207,2.0
2208,7.0
2209,0.899324856698513
2210,13.0
2211,3.0
2212,7.0528663992881775
2213,22.0
2214,6.2575966119766235
2215,6.088469088077545
2216,21.887305974960327
2217,26.939039707183838
2218,28.0
2219,13.0
2220,6.0
2221,2.0
2222,16.982051730155945
2223,11.949099898338318
2224,7.0
2225,5.0
2226,0.7839009240269661
2227,1.1881733685731888
2228,16.0
2229,16.012603163719177
2230,10.186589121818542
2231,3.0
2232,23.0
2233,13.0
2234,6.358893990516663
2235,3.0
2236,27.0
2237,12.911091804504395
2238,25.0
2239,16.0
2240,6.0
2241,16.757822155952454
2242,18.0
2243,7.3183006048202515
2244,2.0
2245,1.2297521904110909
2246,5.157192349433899
2247,7.31275337934494
2248,23.0
2249,2.0
2250,10.0
2251,15.0
2252,21.04850697517395
2253,19.590060710906982
2254,28.0
2255,10.0
2256,1.0
2257,8.964594423770905
2258,3.372770309448242
2259,12.419909358024597
2260,7.19413036108017
2261,6.777726173400879
2262,5.571263253688812
2263,9.0
2264,19.021798014640808
2265,14.366854429244995
2266,3.0
2267,6.0
2268,24.0
2269,18.0
2270,12.952148675918579
2271,3.0
2272,19.0
2273,29.0
2274,19.0
2275,19.0
2276,7.477650046348572
2277,1.9126571416854858
2278,2.0
2279,5.4715695977211
2280,16.71933913230896
2281,2.0
2282,2.1323385536670685
2283,19.0
2284,3.0
2285,16.0
2286,2.0
2287,10.0
2288,2.0
2289,16.0
2290,8.0
2291,7.0
2292,15.0
2293,3.0
2294,1.9328930228948593
2295,2.0
2296,3.5789360105991364
2297,12.963034629821777
2298,17.0
2299,2.0
2300,15.840789437294006
2301,15.49985122680664
2302,2.4089969992637634
2303,4.0
2304,19.0
2305,12.0
2306,4.0
2307,7.0
2308,19.999119758605957
2309,7.011913776397705
2310,13.833443999290466
2311,5.0
2312,9.3788001537323
2313,3.0
2314,9.286024570465088
2315,2.0
2316,8.834533333778381
2317,18.70462918281555
2318,7.023537874221802
2319,15.0
2320,14.835391759872437
2321,2.0
2322,0.8348581083118916
2323,7.0
2324,11.75023341178894
2325,2.648261845111847
2326,11.0
2327,2.0
2328,6.0
2329,9.185050964355469
2330,21.0
2331,20.958742022514343
2332,8.088303804397583
2333,2.0
2334,21.956390380859375
2335,4.380824059247971
2336,0.7499307692050934
2337,20.0
2338,2.4987725019454956
2339,2.0
2340,23.773953437805176
2341,4.492900192737579
2342,14.0
2343,20.470792055130005
2344,11.654369354248047
2345,24.0
2346,8.155489087104797
2347,5.0
2348,16.0
2349,5.0
2350,22.0
2351,6.115773022174835
2352,12.0
2353,4.0
2354,2.0
2355,11.0
2356,8.0
2357,13.10366702079773
2358,25.92708683013916
2359,9.0
2360,1.1748936250805855
2361,6.967588484287262
2362,17.0
2363,10.936870813369751
2364,3.7715125381946564
2365,15.0
2366,7.797359645366669
2367,2.0
2368,3.0
2369,14.0
2370,1.1834252625703812
2371,9.435661852359772
2372,17.467463850975037
2373,16.0
2374,3.686074435710907
2375,9.752228319644928
2376,2.0
2377,1.7361267805099487
2378,8.39545339345932
2379,14.0
2380,20.0
2381,3.0
2382,0.8994622379541397
2383,3.555420756340027
2384,16.0
2385,2.0
2386,17.008385062217712
2387,1.970508947968483
2388,2.0
2389,12.309471607208252
2390,32.0
2391,7.0
2392,7.0
2393,19.143921971321106
2394,8.139566540718079
2395,7.0
2396,13.0
2397,6.323540151119232
2398,0.7825048044323921
2399,22.0
2400,10.0
2401,21.0
2402,18.70462918281555
2403,14.0
2404,2.0
2405,19.0
2406,13.590859651565552
2407,2.0
2408,5.482288420200348
2409,23.119484663009644
2410,18.0
2411,28.71652317047119
2412,2.0
2413,7.0
2414,11.0
2415,12.0
2416,17.417243123054504
2417,2.0
2418,4.86194983124733
2419,19.446613311767578
2420,3.0
2421,3.0
2422,18.0
2423,11.0
2424,11.252285122871399
2425,5.539175987243652
2426,3.066594421863556
2427,10.0
2428,15.990390539169312
2429,24.89778470993042
2430,15.261435508728027
2431,20.0
2432,8.625889539718628
2433,15.200831055641174
2434,5.329299300909042
2435,10.0
2436,7.558017671108246
2437,2.0
2438,2.506890684366226
2439,5.0
2440,5.0
2441,23.0
2442,21.0
2443,23.0
2444,19.005113005638123
2445,22.0
2446,2.0
2447,5.0
2448,17.105669260025024
2449,16.819260120391846
2450,17.816848158836365
2451,6.0
2452,10.0
2453,4.0
2454,3.0
2455,0.9067532792687416
2456,17.0
2457,3.0
2458,3.0
2459,4.735455632209778
2460,29.0
2461,7.0
2462,7.0
2463,1.0
2464,4.0
2465,4.061962306499481
2466,19.0
2467,27.0
2468,16.0
2469,1.949093535542488
2470,5.0
2471,2.7506199777126312
2472,6.0
2473,2.0
2474,16.0
2475,5.326461583375931
2476,9.0
2477,19.0
2478,11.18726509809494
2479,12.077823877334595
2480,20.0
2481,8.969454109668732
2482,14.0
2483,20.0
2484,16.53690207004547
2485,13.0
2486,22.67119264602661
2487,14.250108361244202
2488,3.0
2489,1.1331673860549927
2490,10.452845573425293
2491,12.0
2492,10.73424482345581
2493,5.0
2494,2.0
2495,3.0
2496,8.0
2497,2.0
2498,3.0
2499,8.145438313484192
2500,2.0
2501,5.515770792961121
2502,17.91438579559326
2503,12.0
2504,3.802802801132202
2505,23.471811532974243
2506,22.13614773750305
2507,6.801612973213196
2508,3.0
2509,31.21064782142639
2510,2.0
2511,3.388481080532074
2512,4.0
2513,8.0
2514,3.0
2515,13.0
2516,22.0
2517,9.0
2518,20.96739149093628
2519,7.355128824710846
2520,2.0
2521,14.0
2522,28.0
2523,15.0
2524,3.0
2525,4.0
2526,3.842583507299423
2527,3.0
2528,12.0
2529,2.0
2530,2.0
2531,10.712366104125977
2532,3.0
2533,3.0
2534,8.0
2535,8.581640779972076
2536,12.0
2537,21.0
2538,3.0
2539,20.0
2540,11.0
2541,4.375461041927338
2542,21.88553476333618
2543,4.76237291097641
2544,3.0
2545,9.0
2546,9.0
2547,5.357076287269592
2548,17.0
2549,25.392505645751953
2550,15.309783577919006
2551,19.31149995326996
2552,13.110061407089233
2553,2.0
2554,0.7933271676301956
2555,14.0
2556,3.0
2557,16.900092005729675
2558,1.578045278787613
2559,7.979881584644318
2560,15.0
2561,7.0
2562,5.0
2563,1.3626996651291847
2564,14.663789987564087
2565,3.4384660720825195
2566,13.41077733039856
2567,28.0
2568,12.039129614830017
2569,27.0
2570,13.0
2571,15.309783577919006
2572,1.0220464020967484
2573,7.295283257961273
2574,5.0
2575,14.069570422172546
2576,9.0
2577,12.745622038841248
2578,2.0
2579,7.0
2580,17.651708602905273
2581,8.0
2582,1.646060973405838
2583,1.0
2584,3.6287114322185516
2585,7.0
2586,27.0
2587,5.357076287269592
2588,21.0
2589,10.0
2590,7.0
2591,5.0
2592,21.0
2593,3.1964742243289948
2594,17.64217233657837
2595,3.600943475961685
2596,3.0
2597,9.247203409671783
2598,24.443099975585938
2599,10.205527603626251
2600,7.0
2601,6.433424234390259
2602,20.0
2603,7.931620359420776
2604,18.0
2605,7.931620359420776
2606,17.0
2607,11.683240294456482
2608,23.0
2609,1.1622363924980164
2610,21.0
2611,19.0
2612,3.764252007007599
2613,3.6282838881015778
2614,1.0349266156554222
2615,20.399221301078796
2616,15.0
2617,31.083933353424072
2618,14.0
2619,21.0
2620,8.763359665870667
2621,29.14251685142517
2622,2.0
2623,5.571263253688812
2624,2.0
2625,16.0
2626,0.9475528225302696
2627,18.0
2628,5.938351571559906
2629,4.0
2630,6.2575966119766235
2631,19.0
2632,2.0
2633,17.0
2634,7.0
2635,9.0
2636,17.60361158847809
2637,5.515770792961121
2638,3.0
2639,10.0
2640,14.0
2641,19.2768394947052
2642,4.0
2643,2.853785216808319
2644,7.362134754657745
2645,2.0
2646,5.367881596088409
2647,4.0
2648,6.321021735668182
2649,7.47518914937973
2650,10.0
2651,16.0
2652,3.124549463391304
2653,13.0
2654,10.0
2655,0.9628078490495682
2656,30.0
2657,22.528350830078125
2658,19.0
2659,21.571810245513916
2660,7.0
2661,20.0
2662,16.642823934555054
2663,24.44894003868103
2664,16.872560381889343
2665,17.900494933128357
2666,2.0
2667,3.0
2668,6.801612973213196
2669,19.0
2670,24.0
2671,16.0
2672,19.0
2673,12.863562941551208
2674,10.0
2675,1.9341290444135666
2676,2.0
2677,2.0
2678,12.0
2679,3.0
2680,9.0
2681,2.764918327331543
2682,24.0
2683,23.0
2684,6.342932641506195
2685,28.0
2686,6.0
2687,19.975133895874023
2688,12.717162132263184
2689,21.77060317993164
2690,8.538319110870361
2691,8.825738668441772
2692,8.625889539718628
2693,6.111936330795288
2694,7.127466857433319
2695,8.0
2696,31.0
2697,12.0
2698,28.0
2699,13.990777850151062
2700,6.192168354988098
2701,4.0
2702,11.0
2703,2.0
2704,10.0
2705,1.2895807325839996
2706,14.0
2707,20.416025400161743
2708,1.7417562156915665
2709,20.0
2710,19.0
2711,4.4058990478515625
2712,3.0
2713,1.3297251164913177
2714,2.0
2715,2.2794255912303925
2716,13.0
2717,16.0
2718,12.0
2719,3.0
2720,22.62347722053528
2721,22.0
2722,7.0
2723,26.0
2724,14.184286236763
2725,2.0
2726,1.7417562156915665
2727,1.0
2728,2.344366803765297
2729,28.0
2730,28.0
2731,22.0
2732,12.400817036628723
2733,11.108062267303467
2734,2.0
2735,3.9288250207901
2736,21.0
2737,5.329299300909042
2738,3.0
2739,24.0
2740,9.518467724323273
2741,7.130722641944885
2742,17.0
2743,15.0
2744,3.0
2745,14.830634951591492
2746,1.0037100352346897
2747,6.967588484287262
2748,14.206530570983887
2749,9.0
2750,5.0
2751,3.0
2752,3.0
2753,6.62749308347702
2754,4.0
2755,3.0
2756,13.590859651565552
2757,16.0
2758,3.8792712092399597
2759,3.0
2760,13.239140748977661
2761,16.176868200302124
2762,1.4054481759667397
2763,20.0
2764,2.098435863852501
2765,5.384679734706879
2766,3.0
2767,3.7903489768505096
2768,19.0
2769,4.0
2770,14.0
2771,24.0
2772,17.0
2773,17.0
2774,3.0
2775,2.0
2776,13.0
2777,16.596415162086487
2778,2.0
2779,5.643099099397659
2780,20.0
2781,17.0
2782,23.0
2783,18.604601860046387
2784,15.0
2785,2.0
2786,3.0
2787,6.67973792552948
2788,7.0
2789,5.0
2790,15.295523643493652
2791,26.0
2792,16.409067273139954
2793,4.0
2794,11.705261468887329
2795,7.629175961017609
2796,22.0
2797,3.6106611490249634
2798,18.75226628780365
2799,20.859585762023926
2800,8.0
2801,19.865235567092896
2802,8.0
2803,18.09707820415497
2804,1.970508947968483
2805,10.260957598686218
2806,11.238653302192688
2807,21.0
2808,11.0
2809,3.0
2810,24.0
2811,5.0
2812,0.9059202373027802
2813,11.0
2814,13.647191405296326
2815,28.0
2816,2.0
2817,11.0
2818,6.0
2819,0.9998664557933807
2820,25.0
2821,4.0
2822,16.8194420337677
2823,4.0
2824,12.834821820259094
2825,27.50076699256897
2826,0.9067532792687416
2827,27.0
2828,12.0
2829,24.0
2830,11.0
2831,5.803814560174942
2832,10.0
2833,1.532466396689415
2834,21.0
2835,24.0
2836,2.0
2837,2.0
2838,17.0
2839,11.0
2840,1.0
2841,22.0
2842,6.146716058254242
2843,27.0
2844,2.0
2845,12.0
2846,7.0
2847,2.0
2848,17.0
2849,30.312775373458862
2850,27.0
2851,2.0
2852,2.0
2853,23.086062908172607
2854,5.357076287269592
2855,16.21319842338562
2856,7.667273581027985
2857,19.0
2858,5.0
2859,14.409205794334412
2860,4.069139450788498
2861,22.13614773750305
2862,3.0
2863,8.0
2864,27.0
2865,17.0
2866,9.0
2867,14.98725962638855
2868,2.0
2869,5.0
2870,17.0
2871,1.3977780640125275
2872,0.8942992240190506
2873,24.0
2874,4.051867663860321
2875,2.0
2876,2.0
2877,17.0
2878,7.0
2879,16.0
2880,2.0
2881,17.0
2882,1.8317297101020813
2883,10.725115597248077
2884,17.0
2885,10.099824786186218
2886,18.0
2887,27.0
2888,7.516941130161285
2889,10.0
2890,30.0
2891,2.971536785364151
2892,25.307942628860474
2893,6.015212059020996
2894,19.0
2895,20.51606810092926
2896,11.0
2897,18.0
2898,3.0
2899,0.8797052912414074
2900,18.353100419044495
2901,20.0
2902,8.48491108417511
2903,2.3851645439863205
2904,7.0
2905,10.791143536567688
2906,18.890233635902405
2907,1.2623606473207474
2908,13.0
2909,4.0
2910,3.0
2911,9.0
2912,18.0
2913,24.0
2914,11.0
2915,25.0
2916,3.0
2917,5.0
2918,8.653351962566376
2919,3.9350339770317078
2920,9.0
2921,1.5059621930122375
2922,11.937612175941467
2923,21.0
2924,29.0
2925,4.0
2926,2.0
2927,10.986595630645752
2928,11.533211588859558
2929,2.0
2930,5.801664233207703
2931,19.0
2932,2.2308071702718735
2933,24.0
2934,1.6348672211170197
2935,20.0
2936,18.0
2937,1.3214201107621193
2938,12.0
2939,18.9954913854599
2940,6.0
2941,3.0
2942,0.9625233560800552
2943,0.8664131909608841
2944,14.0
2945,3.0
2946,19.0
2947,14.0
2948,5.0
2949,17.0
2950,4.105402827262878
2951,15.704038500785828
2952,3.0
2953,4.0
2954,5.286247909069061
2955,10.0
2956,10.672935783863068
2957,18.363980889320374
2958,2.0
2959,3.0
2960,13.0
2961,11.393980503082275
2962,3.600943475961685
2963,21.0
2964,3.0089067816734314
2965,1.8272962272167206
2966,2.0
2967,4.0
2968,11.0
2969,8.034755408763885
2970,3.0
2971,6.0
2972,10.452845573425293
2973,7.0
2974,22.0
2975,6.308957815170288
2976,16.0
2977,21.0
2978,1.0982656627893448
2979,14.0
2980,28.27286171913147
2981,1.284045659005642
2982,15.0
2983,3.0
2984,1.3916152119636536
2985,20.0
2986,5.0
2987,26.0
2988,6.569316744804382
2989,13.522788524627686
2990,14.0
2991,7.0
2992,9.0
2993,11.0
2994,21.8433940410614
2995,5.770801782608032
2996,3.0
2997,2.0
2998,3.0
2999,0.8926773592829704
3000,13.834207773208618
3001,1.0584040731191635
3002,0.8350124694406986
3003,6.7448620200157166
3004,12.517186284065247
3005,17.0
3006,8.0
3007,20.86341381072998
3008,23.0
3009,11.0
3010,1.139299251139164
3011,21.0
3012,26.0
3013,14.0
3014,5.0
3015,10.0
3016,2.0
3017,2.0
3018,14.244377613067627
3019,6.0
3020,5.806106597185135
3021,3.0
3022,12.0
3023,3.0
3024,17.569416642189026
3025,2.4409348517656326
3026,7.0
3027,23.53941535949707
3028,2.0
3029,2.13016839325428
3030,3.720250517129898
3031,6.9729161858558655
3032,17.0
3033,15.0
3034,12.077823877334595
3035,12.834821820259094
3036,20.0
3037,0.9833439327776432
3038,4.592845559120178
3039,21.09217607975006
3040,11.840921640396118
3041,7.174631714820862
3042,4.0
3043,16.0
3044,8.0
3045,11.0
3046,10.0
3047,3.0
3048,6.0
3049,8.837617456912994
3050,9.678114891052246
3051,17.0
3052,19.0
3053,20.0
3054,0.8919976614415646
3055,15.0
3056,21.0
3057,2.0
3058,3.0
3059,15.49985122680664
3060,22.0
3061,4.0
3062,1.139299251139164
3063,10.0
3064,11.642513394355774
3065,17.563876628875732
3066,7.813609957695007
3067,2.0
3068,18.0
3069,11.0
3070,11.044315814971924
3071,4.031646549701691
3072,8.088303804397583
3073,0.7810117863118649
3074,22.0
3075,3.0
3076,10.0
3077,24.0
3078,10.0
3079,7.31275337934494
3080,3.0
3081,3.0
3082,3.0
3083,27.0
3084,20.184324979782104
3085,21.0
3086,22.425324201583862
3087,11.0
3088,13.0
3089,1.389166422188282
3090,21.0
3091,2.0
3092,15.685101628303528
3093,16.0
3094,4.71263262629509
3095,6.0
3096,2.161402642726898
3097,28.0
3098,15.704038500785828
3099,20.0
3100,5.6716543436050415
3101,2.0
3102,13.0
3103,11.372091174125671
3104,7.0
3105,7.519625723361969
3106,4.0
3107,7.0
3108,11.459176301956177
3109,20.0
3110,2.0
3111,4.0
3112,2.0
3113,12.251751899719238
3114,4.691251128911972
3115,26.0
3116,14.6705482006073
3117,5.669308960437775
3118,16.0
3119,0.9562954120337963
3120,4.7041603326797485
3121,16.900092005729675
3122,2.0
3123,3.0
3124,8.0
3125,19.0
3126,1.145909532904625
3127,9.0
3128,6.0
3129,9.37880825996399
3130,3.6130013465881348
3131,2.5890368670225143
3132,2.0
3133,18.793673872947693
3134,25.0
3135,25.0
3136,8.499733090400696
3137,9.0
3138,2.0
3139,24.227177143096924
3140,22.0
3141,20.0
3142,25.05826187133789
3143,24.0
3144,26.0
3145,3.0
3146,12.214394330978394
3147,9.0
3148,9.203169524669647
3149,7.0
3150,10.0
3151,20.0
3152,15.0
3153,9.087746262550354
3154,16.0
3155,16.0
3156,21.176124572753906
3157,16.155855298042297
3158,27.0
3159,1.187552884221077
3160,4.0
3161,17.0
3162,3.0
3163,4.116964250802994
3164,21.09217607975006
3165,5.0
3166,3.2984185814857483
3167,6.0
3168,23.0
3169,5.261887401342392
3170,4.331411898136139
3171,2.000750705599785
3172,1.3532805293798447
3173,30.312775373458862
3174,9.594030201435089
3175,10.0
3176,15.284643411636353
3177,0.7352931126952171
3178,13.0
3179,3.0
3180,23.360575437545776
3181,8.079035103321075
3182,25.0
3183,15.0
3184,20.260760068893433
3185,12.354049921035767
3186,0.8935239650309086
3187,4.0
3188,19.0
3189,21.0
3190,27.0
3191,0.9723603129386902
3192,3.0
3193,27.0
3194,6.648570537567139
3195,6.819398045539856
3196,12.0
3197,5.669308960437775
3198,15.210712671279907
3199,5.0
3200,8.938761353492737
3201,12.524863958358765
3202,22.748207092285156
3203,3.0
3204,16.646000742912292
3205,23.52656602859497
3206,8.53519880771637
3207,27.0
3208,3.3567457497119904
3209,20.139353275299072
3210,4.0
3211,3.0
3212,3.0
3213,29.0
3214,17.0
3215,14.0
3216,13.0
3217,17.61410701274872
3218,19.232311010360718
3219,6.0
3220,11.0
3221,22.41913104057312
3222,5.212721824645996
3223,2.0
3224,1.0257158353924751
3225,5.806106597185135
3226,17.752959609031677
3227,20.40589427947998
3228,2.0
3229,21.0
3230,11.0
3231,17.0
3232,1.0584040731191635
3233,8.603546619415283
3234,4.4407475888729095
3235,21.025436639785767
3236,2.0
3237,12.0
3238,9.833151936531067
3239,5.694088995456696
3240,10.0
3241,14.147325038909912
3242,17.450600266456604
3243,6.326364159584045
3244,12.64341652393341
3245,3.0
3246,2.146160528063774
3247,5.953110039234161
3248,1.5415074601769447
3249,18.0
3250,25.0
3251,3.0
3252,6.967588484287262
3253,0.7299543172121048
3254,12.653520107269287
3255,5.0
3256,18.95422637462616
3257,2.441145196557045
3258,6.0
3259,18.0
3260,17.62605917453766
3261,14.106361627578735
3262,0.9700361043214798
3263,10.725115597248077
3264,27.0
3265,0.7875741571187973
3266,0.9059202373027802
3267,6.0336944460868835
3268,23.0
3269,10.0
3270,1.0340116322040558
3271,5.0
3272,12.653520107269287
3273,22.0
3274,8.257047057151794
3275,4.367658346891403
3276,4.0
3277,8.0
3278,5.0
3279,12.0
3280,21.604090929031372
3281,12.0
3282,8.062452137470245
3283,1.2279652804136276
3284,7.0
3285,13.41077733039856
3286,10.706199884414673
3287,1.5880846604704857
3288,5.0
3289,3.669250577688217
3290,2.0
3291,24.0
3292,21.0
3293,3.0
3294,11.0
3295,25.0
3296,11.393980503082275
3297,3.0
3298,9.0
3299,3.0
3300,12.801251530647278
3301,1.0432477667927742
3302,3.0
3303,15.0
3304,23.371100902557373
3305,7.0
3306,19.0
3307,16.0
3308,18.883042693138123
3309,3.0
3310,9.534423589706421
3311,2.276195138692856
3312,17.0
3313,10.415136992931366
3314,11.964873552322388
3315,6.240038990974426
3316,18.363980889320374
3317,15.969954490661621
3318,22.47565984725952
3319,26.227965831756592
3320,3.0
3321,17.80562138557434
3322,22.056257486343384
3323,23.163143634796143
3324,24.05909538269043
3325,1.1661292538046837
3326,20.86341381072998
3327,4.0
3328,15.0
3329,8.525932252407074
3330,20.0
3331,10.26432329416275
3332,1.094609186053276
3333,5.0
3334,4.0
3335,12.0
3336,18.0
3337,4.941343009471893
3338,4.743725091218948
3339,12.0
3340,28.0
3341,4.0
3342,6.240038990974426
3343,11.959740042686462
3344,26.235148191452026
3345,1.2882590591907501
3346,2.0
3347,28.0
3348,8.0
3349,11.0
3350,8.0
3351,19.0
3352,3.0
3353,9.0
3354,3.0
3355,23.773953437805176
3356,6.0
3357,1.0
3358,22.0
3359,3.0
3360,18.32273256778717
3361,4.735455632209778
3362,28.0
3363,1.0105121843516827
3364,1.1939012259244919
3365,2.0
3366,20.0
3367,9.0
3368,20.0
3369,2.2780988216400146
3370,4.8630808889865875
3371,18.237883925437927
3372,12.834821820259094
3373,8.0
3374,26.0
3375,2.0
3376,3.249011278152466
3377,11.313945174217224
3378,25.0
3379,4.0
3380,16.0
3381,4.385379105806351
3382,25.913766384124756
3383,5.803814560174942
3384,2.0
3385,19.945263504981995
3386,12.451311826705933
3387,20.18289840221405
3388,2.0
3389,2.0
3390,2.0
3391,4.613868027925491
3392,9.902980268001556
3393,7.0
3394,7.889492392539978
3395,16.0
3396,11.89214551448822
3397,14.774505257606506
3398,23.0
3399,3.0
3400,2.0
3401,18.151163458824158
3402,23.0
3403,2.0
3404,4.534373193979263
3405,18.623271822929382
3406,29.499091148376465
3407,2.900856465101242
3408,3.0
3409,28.0
3410,6.214529037475586
3411,4.951052397489548
3412,19.0
3413,23.0
3414,2.0
3415,19.04426336288452
3416,21.0
3417,7.0
3418,7.0
3419,9.0
3420,12.80615234375
3421,19.781118869781494
3422,6.436265289783478
3423,3.4006825387477875
3424,9.0
3425,22.528350830078125
3426,3.6747021079063416
3427,14.769206881523132
3428,20.307185769081116
3429,15.707207322120667
3430,19.818073272705078
3431,21.313663721084595
3432,11.840921640396118
3433,3.0
3434,2.0
3435,25.0
3436,25.0
3437,4.640837252140045
3438,6.244716048240662
3439,30.0
3440,4.0
3441,18.0
3442,9.0
3443,3.0
3444,3.0
3445,2.480961173772812
3446,24.0
3447,4.433372229337692
3448,27.0
3449,9.0
3450,16.0
3451,9.0
3452,25.0
3453,15.0
3454,18.0
3455,13.585474610328674
3456,15.0
3457,4.0
3458,11.865749478340149
3459,7.069507002830505
3460,9.0
3461,1.1071821451187134
3462,13.261468052864075
3463,8.261247217655182
3464,2.0
3465,7.0
3466,2.0
3467,20.0
3468,20.0
3469,22.0
3470,11.238653302192688
3471,2.7044552117586136
3472,2.0
3473,8.0
3474,5.41879141330719
3475,3.0
3476,19.0
3477,7.0
3478,9.89503014087677
3479,3.905954658985138
3480,5.803814560174942
3481,21.0
3482,3.0
3483,14.0
3484,1.356853000819683
3485,17.0
3486,4.640837252140045
3487,0.8797052912414074
3488,20.0
3489,19.0
3490,9.0
3491,12.593323826789856
3492,17.0
3493,13.688041090965271
3494,17.0
3495,3.0
3496,16.206097722053528
3497,18.883042693138123
3498,22.052823066711426
3499,20.0
3500,11.513646960258484
3501,10.0
3502,13.0
3503,13.0
3504,7.471342742443085
3505,21.514798641204834
3506,24.0
3507,5.5908099710941315
3508,15.829845190048218
3509,19.039000868797302
3510,1.1600549593567848
3511,4.4407475888729095
3512,21.0
3513,17.0
3514,11.0
3515,8.63831901550293
3516,0.7998400628566742
3517,6.0
3518,3.0
3519,13.886627197265625
3520,3.0
3521,2.4889478534460068
3522,25.0
3523,3.052670568227768
3524,3.0
3525,10.0
3526,20.0
3527,5.0
3528,19.0
3529,1.1801225915551186
3530,26.38521957397461
3531,30.625139951705933
3532,21.0
3533,3.0
3534,18.24239706993103
3535,9.531337559223175
3536,19.288167238235474
3537,2.0
3538,0.9725566618144512
3539,23.471811532974243
3540,7.0
3541,5.0
3542,1.2373257726430893
3543,7.0
3544,7.0
3545,5.0
3546,30.038581609725952
3547,23.0
3548,19.434744715690613
3549,7.529548943042755
3550,3.8957291543483734
3551,6.0
3552,19.0
3553,23.861162185668945
3554,3.0
3555,25.0
3556,6.0
3557,0.8086709603667259
3558,22.0
3559,17.0
3560,2.8265212774276733
3561,3.9142851531505585
3562,4.5498006939888
3563,21.98678994178772
3564,16.0
3565,8.135376274585724
3566,25.048750638961792
3567,0.6897687241435051
3568,23.0
3569,3.0
3570,9.0
3571,6.4294838309288025
3572,3.6627120077610016
3573,12.0
3574,3.0
3575,28.0
3576,4.081712871789932
3577,2.0
3578,7.885819494724274
3579,4.0
3580,9.286024570465088
3581,11.469618320465088
3582,17.0
3583,4.0
3584,7.0
3585,7.0
3586,25.0
3587,3.9744483828544617
3588,1.5059621930122375
3589,3.0
3590,8.0
3591,2.0
3592,2.0
3593,1.6029241904616356
3594,8.0
3595,10.0
3596,2.0
3597,1.7552692368626595
3598,2.0
3599,2.0
3600,7.0
3601,7.051644682884216
3602,12.0
3603,3.0
3604,21.0
3605,3.905954658985138
3606,10.986595630645752
3607,18.0
3608,16.225870728492737
3609,16.0
3610,24.0
3611,7.0
3612,2.0
3613,20.096628069877625
3614,2.0
3615,4.0
3616,3.2347468733787537
3617,15.525015234947205
3618,2.0
3619,13.877399444580078
3620,2.0
3621,16.0
3622,17.0
3623,4.43656712770462
3624,14.211389660835266
3625,15.0
3626,18.0
3627,6.0
3628,29.0
3629,1.8272962272167206
3630,10.10247153043747
3631,5.326461583375931
3632,16.642823934555054
3633,11.075190544128418
3634,4.603930413722992
3635,20.0
3636,11.0
3637,8.0
3638,12.0
3639,7.478266894817352
3640,1.0
3641,6.240038990974426
3642,22.101663827896118
3643,23.371100902557373
3644,26.0
3645,7.0
3646,7.797359645366669
3647,9.0
3648,9.525749623775482
3649,23.0
3650,1.9675047546625137
3651,21.0
3652,0.7661771923303604
3653,23.0
3654,22.0
3655,3.0
3656,15.0
3657,3.0
3658,1.0
3659,17.183533430099487
3660,1.0220464020967484
3661,29.0
3662,7.840025186538696
3663,2.522777557373047
3664,11.0
3665,4.0
3666,7.0616244077682495
3667,5.128652989864349
3668,2.0
3669,23.0
3670,22.056257486343384
3671,19.42775547504425
3672,12.0
3673,18.623271822929382
3674,4.735455632209778
3675,13.670424103736877
3676,21.0
3677,14.0
3678,16.0
3679,21.789859533309937
3680,13.0
3681,5.259204417467117
3682,1.0152883268892765
3683,2.0
3684,6.075729548931122
3685,7.0
3686,20.0
3687,14.52672564983368
3688,26.0
3689,3.0
3690,16.54775309562683
3691,3.909414917230606
3692,25.387592554092407
3693,23.0
3694,7.1947630643844604
3695,5.0258152186870575
3696,1.8090818375349045
3697,5.0
3698,3.0
3699,3.0
3700,21.138488054275513
3701,10.0
3702,13.10364294052124
3703,5.94467693567276
3704,12.765883803367615
3705,19.0
3706,22.90624451637268
3707,9.0
3708,6.479263782501221
3709,16.180296301841736
3710,16.298966765403748
3711,12.36328911781311
3712,0.899324856698513
3713,25.0
3714,20.0
3715,10.0
3716,15.0
3717,26.046924829483032
3718,10.627019047737122
3719,3.0
3720,9.75779414176941
3721,13.987359642982483
3722,11.0
3723,1.3297251164913177
3724,19.874815821647644
3725,5.0
3726,11.736400961875916
3727,8.653351962566376
3728,3.0
3729,5.0
3730,3.0
3731,11.022129535675049
3732,26.0
3733,16.0
3734,2.0
3735,20.2879079580307
3736,14.0
3737,24.0
3738,22.0
3739,13.441655158996582
3740,2.0
3741,3.1964742243289948
3742,17.651708602905273
3743,10.0
3744,2.0
3745,1.4928711354732513
3746,16.049670815467834
3747,13.0
3748,9.96138620376587
3749,22.0
3750,15.0
3751,18.0
3752,0.9518490880727768
3753,9.423762798309326
3754,23.953998804092407
3755,24.443099975585938
3756,22.0
3757,12.0
3758,7.127567708492279
3759,9.0
3760,30.0
3761,4.553265273571014
3762,4.0
3763,24.0
3764,14.0
3765,2.7569600492715836
3766,11.561774730682373
3767,15.0
3768,5.0
3769,4.0
3770,3.0
3771,12.0
3772,1.0
3773,0.8527240566909313
3774,2.0
3775,10.543923020362854
3776,7.0
3777,9.0
3778,12.037494540214539
3779,13.0
3780,7.362134754657745
3781,4.0
3782,20.0
3783,4.0
3784,7.0
3785,16.0
3786,10.0
3787,18.0
3788,6.571029722690582
3789,21.0
3790,21.0
3791,11.621671199798584
3792,7.0
3793,27.0
3794,1.4117014408111572
3795,12.0
3796,2.0
3797,13.0
3798,17.471654891967773
3799,2.0
3800,3.9867996871471405
3801,2.0
3802,19.0
3803,6.0
3804,9.0
3805,12.0
3806,21.010292053222656
3807,5.25084388256073
3808,5.355999767780304
3809,11.0
3810,20.0
3811,2.0
3812,2.0
3813,7.5653510093688965
3814,4.5605184733867645
3815,17.0
3816,5.0
3817,9.0
3818,6.4085898995399475
3819,30.0
3820,10.73393201828003
3821,15.34169590473175
3822,10.0
3823,2.273607447743416
3824,9.88732135295868
3825,10.0
3826,16.829307198524475
3827,11.0
3828,6.0
3829,22.0
3830,10.494902849197388
3831,16.0
3832,22.0
3833,11.572285175323486
3834,2.0
3835,6.4919193983078
3836,4.662565261125565
3837,4.075439810752869
3838,3.6130013465881348
3839,22.145881414413452
3840,2.0
3841,5.889653384685516
3842,4.0
3843,9.621082067489624
3844,21.43538212776184
3845,11.627280473709106
3846,3.481391414999962
3847,11.108062267303467
3848,11.530857384204865
3849,3.0
3850,11.793380856513977
3851,5.0
3852,5.770801782608032
3853,15.27893590927124
3854,21.0
3855,9.0
3856,7.629175961017609
3857,3.0
3858,13.0
3859,10.0
3860,9.185050964355469
3861,18.74167764186859
3862,18.0
3863,18.0
3864,16.870750188827515
3865,15.0
3866,8.66809231042862
3867,2.0
3868,4.0
3869,18.379627108573914
3870,5.353193283081055
3871,10.0
3872,28.0
3873,29.0
3874,31.21064782142639
3875,15.192673325538635
3876,4.0
3877,15.284643411636353
3878,27.0
3879,8.53519880771637
3880,24.0
3881,16.0
3882,1.4560861438512802
3883,26.0
3884,22.0
3885,12.771071910858154
3886,11.0
3887,18.83519220352173
3888,18.87090826034546
3889,4.0
3890,1.8090818375349045
3891,18.0
3892,8.0
3893,3.802802801132202
3894,19.0
3895,7.7299277782440186
3896,7.0
3897,17.0
3898,4.132522314786911
3899,24.0
3900,19.0
3901,7.069507002830505
3902,0.8281395845115185
3903,16.276034235954285
3904,22.034600973129272
3905,7.0
3906,12.211325645446777
3907,12.24061667919159
3908,9.0
3909,7.0
3910,5.357076287269592
3911,11.530857384204865
3912,15.0
3913,2.7928575575351715
3914,3.0
3915,6.0
3916,3.0382540822029114
3917,24.0
3918,17.0
3919,4.288715869188309
3920,15.364020705223083
3921,22.0
3922,20.0
3923,10.0
3924,10.135598003864288
3925,2.0
3926,18.0
3927,7.499032258987427
3928,10.580866813659668
3929,13.0
3930,25.0
3931,11.0
3932,8.088303804397583
3933,17.0
3934,5.541784465312958
3935,2.0
3936,9.432523965835571
3937,17.0
3938,4.0
3939,2.0
3940,21.88553476333618
3941,14.663789987564087
3942,8.407135665416718
3943,29.15386652946472
3944,16.0
3945,17.0
3946,3.0
3947,2.0
3948,22.0
3949,9.02448296546936
3950,4.2887053191661835
3951,2.0023439526557922
3952,2.0
3953,15.0
3954,6.0
3955,6.566513895988464
3956,23.0
3957,21.52609872817993
3958,5.059477776288986
3959,5.263698577880859
